Task arrival date_act1,Task arrival date_act2,Task arrival date_act3,Task arrival date_act4,Task arrival date_act5,Task arrival date_act6,Task arrival date_act7,Actvity ID_act1,Actvity ID_act2,Actvity ID_act3,Actvity ID_act4,Actvity ID_act5,Actvity ID_act6,Actvity ID_act7,Task Executer_act1,Task Executer_act2,Task Executer_act3,Task Executer_act4,Task Executer_act5,Task Executer_act6,Task Executer_act7,Task executer department_act1,Task executer department_act2,Task executer department_act3,Task executer department_act4,Task executer department_act5,Task executer department_act6,Task executer department_act7,Task Type_act1,Task Type_act2,Task Type_act3,Task Type_act4,Task Type_act5,Task Type_act6,Task Type_act7,Action_act1,Action_act2,Action_act3,Action_act4,Action_act5,Action_act6,Action_act7,idBPMApplicationAction_act1,idBPMApplicationAction_act2,idBPMApplicationAction_act3,idBPMApplicationAction_act4,idBPMApplicationAction_act5,idBPMApplicationAction_act6,idBPMApplicationAction_act7,Period between arrival and execution_act1,Period between arrival and execution_act2,Period between arrival and execution_act3,Period between arrival and execution_act4,Period between arrival and execution_act5,Period between arrival and execution_act6,Period between arrival and execution_act7,Period between arrival and capture_act1,Period between arrival and capture_act2,Period between arrival and capture_act3,Period between arrival and capture_act4,Period between arrival and capture_act5,Period between arrival and capture_act6,Period between arrival and capture_act7,Cumulative Length of Process_act1,Cumulative Length of Process_act2,Cumulative Length of Process_act3,Cumulative Length of Process_act4,Cumulative Length of Process_act5,Cumulative Length of Process_act6,Cumulative Length of Process_act7,Overdue Days_act1,Overdue Days_act2,Overdue Days_act3,Overdue Days_act4,Overdue Days_act5,Overdue Days_act6,Overdue Days_act7,Role ID_act1,Role ID_act2,Role ID_act3,Role ID_act4,Role ID_act5,Role ID_act6,Role ID_act7,Years in Org Position_act1,Years in Org Position_act2,Years in Org Position_act3,Years in Org Position_act4,Years in Org Position_act5,Years in Org Position_act6,Years in Org Position_act7,Age_act1,Age_act2,Age_act3,Age_act4,Age_act5,Age_act6,Age_act7,idBPMRequirement_act1,idBPMRequirement_act2,idBPMRequirement_act3,idBPMRequirement_act4,idBPMRequirement_act5,idBPMRequirement_act6,idBPMRequirement_act7,Target,NumberOfFemales,NumberOfManagers,NumberOfOutsourcers,NumberOfRejections,Value Count,idField_203,idField_3486,idField_3388,idField_3391,idField_3390,idField_3491,idField_3420,idField_3935,idField_47,idField_1602,idField_1604,Value_10,Value_50,Value_30,Value_70,Value_20,Value_100,Value_60,Value_2,Value_40,Value_1,Value_80,Value_90,Actvity ID_last_act8,Task arrival date_last_act8
2022-05-18 10:08:59.030,2022-05-18 10:09:08.170,2022-05-18 12:14:07.533,2022-05-18 12:52:10.403,2022-05-18 13:33:29.900,2022-05-18 16:11:41.473,2022-05-19 11:33:42.433,100,105,101,105,101,105,101,6797,9083,6797,9083,6797,9083,6797,6797,9083,6797,9083,6797,9083,6797,Initial Request,Execution,Requester response to rejection,Execution,Requester response to rejection,Execution,Requester response to rejection,Submit initial request,Non identifiable,Non identifiable,Non identifiable,Non identifiable,Non identifiable,Non identifiable,270,271,272,271,272,271,272,0,2,0,0,2,19,1,0,0,0,0,1,19,0,1,2,3,4,5,6,7,0,0,0,0,0,0,0,5,59,5,59,5,59,5,10,5,10,5,10,5,10,65,52,65,52,65,52,65,Non applicable,300,Non applicable,300,Non applicable,300,Non applicable,3,0,7,0,3,5,1,1,1,0,1,0,1,0,0,0,0,3,0,0,0,0,0,0,0,0,0,0,1,105,2022-05-19 12:41:45.883
2022-05-27 17:43:15.227,2022-05-27 17:43:16.557,2022-06-02 11:50:07.373,2022-06-02 12:59:22.047,2022-06-02 13:05:56.873,2022-06-03 15:47:04.150,2022-06-03 16:57:43.127,100,102,101,102,101,102,101,935,4960,935,4960,935,4960,935,935,4960,935,4960,935,4960,935,Initial Request,Execution,Requester response to rejection,Execution,Requester response to rejection,Execution,Requester response to rejection,Submit initial request,Non identifiable,Non identifiable,Non identifiable,Non identifiable,Non identifiable,Non identifiable,270,271,272,271,272,271,272,0,138,1,0,26,1,0,0,138,0,0,26,0,0,1,2,3,4,5,6,7,0,2,0,0,0,0,0,5,21,5,21,5,21,5,2,0,2,0,2,0,2,45,46,45,46,45,46,45,Non applicable,183,Non applicable,183,Non applicable,183,Non applicable,2,3,4,3,3,7,1,1,1,1,1,1,1,0,0,0,0,4,1,1,0,0,0,0,0,0,0,0,0,102,2022-06-03 17:13:22.217
2022-06-15 11:52:35.483,2022-06-15 11:52:36.080,2022-06-15 12:52:32.940,2022-06-21 05:05:51.153,2022-06-23 11:19:03.320,2022-06-23 11:21:35.847,2022-06-23 11:51:08.813,100,105,106,105,101,105,101,10392,9083,4322,10272,10392,10272,10392,10392,9083,4322,10272,10392,10272,10392,Initial Request,Execution,Execution,Execution,Requester response to rejection,Execution,Requester response to rejection,Submit initial request,Non identifiable,Non identifiable,Non identifiable,Non identifiable,Non identifiable,Non identifiable,270,273,273,271,272,271,272,0,0,136,54,0,0,0,0,0,136,6,0,0,0,1,2,3,4,5,6,7,0,0,5,1,0,0,0,5,59,21,32,5,32,5,7,5,0,2,7,2,7,50,52,57,52,50,52,50,Non applicable,Non applicable,Non applicable,300,Non applicable,300,Non applicable,0,6,6,1,2,5,1,1,1,0,1,0,1,0,0,0,0,2,1,0,0,0,0,0,0,0,0,0,1,105,2022-06-23 12:32:04.323
2022-07-01 16:31:07.930,2022-07-01 16:31:09.837,2022-07-30 10:27:27.197,2022-08-01 11:51:52.797,2022-08-04 18:21:14.543,2022-08-08 05:11:37.127,2022-08-08 08:16:39.897,100,102,103,104,102,103,104,9342,4322,10606,10128,4322,10606,10128,9342,4322,10606,10128,4322,10606,10128,Initial Request,Execution,Execution,Execution,Execution,Execution,Execution,Submit initial request,Non identifiable,Non identifiable,Non identifiable,Non identifiable,Non identifiable,Non identifiable,270,273,300,279,273,300,279,0,689,49,78,82,3,9,0,530,49,3,82,3,8,1,2,3,4,5,6,7,0,25,0,2,2,0,0,5,21,11,3,21,11,3,2,0,1,1,0,1,1,56,57,49,53,57,49,53,Non applicable,Non applicable,Non applicable,Non applicable,Non applicable,Non applicable,Non applicable,2,4,5,2,0,7,1,1,1,1,1,1,1,0,0,0,0,2,0,1,0,2,1,0,0,0,0,0,0,102,2022-08-08 17:18:40.410
2022-07-05 13:14:57.353,2022-07-05 13:14:58.727,2022-07-05 13:35:32.920,2022-07-05 13:57:13.833,2022-07-06 13:54:49.060,2022-07-07 14:52:31.497,2022-07-07 15:18:02.883,100,105,101,105,106,105,106,9391,9083,9391,9083,4960,9083,4960,9391,9083,9391,9083,4960,9083,4960,Initial Request,Execution,Requester response to rejection,Execution,Execution,Execution,Execution,Submit initial request,Non identifiable,Non identifiable,Non identifiable,Non identifiable,Non identifiable,Non identifiable,270,271,272,273,273,273,273,0,0,0,23,24,0,17,0,0,0,0,24,0,17,1,2,3,4,5,6,7,0,0,0,0,0,0,0,1,59,1,59,21,59,21,1,5,1,5,0,5,0,53,52,53,52,46,52,46,Non applicable,300,Non applicable,Non applicable,Non applicable,Non applicable,Non applicable,3,2,5,2,1,5,1,1,1,0,1,0,1,0,0,0,0,1,1,1,0,0,0,0,0,0,0,0,1,105,2022-07-08 08:54:02.790
2022-07-06 10:58:00.637,2022-07-06 10:58:01.323,2022-07-11 08:57:23.607,2022-07-11 10:14:55.993,2022-07-19 17:14:40.963,2022-07-19 17:30:31.133,2022-07-22 11:01:41.557,100,102,101,102,101,102,101,8239,4960,8239,4960,8239,4960,8239,8239,4960,8239,4960,8239,4960,8239,Initial Request,Execution,Requester response to rejection,Execution,Requester response to rejection,Execution,Requester response to rejection,Submit initial request,Non identifiable,Non identifiable,Non identifiable,Non identifiable,Non identifiable,Non identifiable,270,271,272,271,272,271,272,0,117,1,198,0,65,1,0,117,1,198,0,65,0,1,2,3,4,5,6,7,0,3,0,7,0,1,0,6,21,6,21,6,21,6,4,0,4,0,4,0,4,58,46,58,46,58,46,58,Non applicable,183,Non applicable,183,Non applicable,183,Non applicable,2,3,4,3,3,7,1,1,1,1,1,1,1,0,0,0,0,4,1,1,0,0,0,0,0,0,0,0,0,102,2022-07-22 12:16:13.710
2022-07-06 12:04:27.530,2022-07-06 12:04:28.780,2022-07-11 09:58:16.163,2022-07-11 12:31:48.830,2022-07-23 16:06:20.103,2022-07-26 01:33:50.387,2022-07-27 09:34:19.030,100,102,101,102,103,102,103,8239,4731,8239,4960,10606,4960,73,8239,4731,8239,4960,10606,4960,73,Initial Request,Execution,Requester response to rejection,Execution,Execution,Execution,Execution,Submit initial request,Non identifiable,Non identifiable,Non identifiable,Non identifiable,Non identifiable,Non identifiable,270,271,272,273,278,273,278,0,117,2,291,57,32,6,0,117,2,291,57,31,6,1,2,3,4,5,6,7,0,3,0,11,0,0,0,6,21,6,21,11,21,8,4,1,4,0,1,0,2,58,52,58,46,49,46,53,Non applicable,300,Non applicable,Non applicable,Non applicable,Non applicable,Non applicable,2,4,4,3,1,7,1,1,1,1,1,1,1,0,0,0,0,4,1,1,0,0,0,0,0,0,0,0,0,102,2022-07-27 16:10:45.753
2022-07-12 09:33:32.820,2022-07-12 09:33:33.570,2022-07-16 10:40:36.190,2022-07-18 08:45:51.197,2022-07-18 13:27:47.163,2022-07-18 15:04:36.253,2022-07-19 08:39:37.417,100,102,101,102,101,102,101,1591,4960,1591,4960,1591,4960,1591,1591,4960,1591,4960,1591,4960,1591,Initial Request,Execution,Requester response to rejection,Execution,Requester response to rejection,Execution,Requester response to rejection,Submit initial request,Non identifiable,Non identifiable,Non identifiable,Non identifiable,Non identifiable,Non identifiable,270,271,272,271,272,271,272,0,97,46,4,1,17,0,0,97,46,4,1,17,0,1,2,3,4,5,6,7,0,3,0,0,0,0,0,1,21,1,21,1,21,1,0,0,0,0,0,0,0,32,46,32,46,32,46,32,Non applicable,183,Non applicable,183,Non applicable,183,Non applicable,0,7,4,3,3,5,1,1,1,1,0,0,1,0,0,0,0,2,0,0,0,1,0,0,0,1,0,0,0,102,2022-07-19 08:54:20.250
2022-08-01 12:39:31.647,2022-08-01 12:39:32.820,2022-08-02 16:01:26.040,2022-08-02 21:20:07.210,2022-08-03 17:21:03.520,2022-08-04 14:43:40.977,2022-08-04 16:50:21.250,100,102,103,104,102,103,104,10771,4960,10606,10771,5268,10606,10771,10771,4960,10606,10771,5268,10606,10771,Initial Request,Execution,Execution,Execution,Execution,Execution,Execution,Submit initial request,Non identifiable,Non identifiable,Non identifiable,Non identifiable,Non identifiable,Non identifiable,270,273,300,279,273,300,279,0,27,5,20,21,2,0,0,27,5,20,21,1,0,1,2,3,4,5,6,7,0,0,0,0,0,0,0,6,21,11,6,21,11,6,3,0,1,3,1,1,3,51,46,49,51,54,49,51,Non applicable,Non applicable,Non applicable,Non applicable,Non applicable,Non applicable,Non applicable,2,6,5,2,0,6,1,1,1,1,0,1,1,0,0,0,0,3,1,1,0,0,0,0,0,0,0,0,0,102,2022-08-04 17:00:38.067
2022-09-07 16:42:55.880,2022-09-07 16:42:56.350,2022-09-08 14:49:24.837,2022-09-08 17:04:02.577,2022-09-09 11:50:34.847,2022-09-09 11:58:47.547,2022-09-14 12:38:16.290,100,102,103,104,107,102,101,6977,4731,10925,6977,6977,4731,6977,6977,4731,10925,6977,6977,4731,6977,Initial Request,Execution,Execution,Execution,Final task,Execution,Requester response to rejection,Submit initial request,Non identifiable,Non identifiable,Task executed with success,Non identifiable,Non identifiable,Non identifiable,270,273,300,282,278,271,272,0,22,2,18,0,120,1,0,22,2,15,0,120,0,1,2,3,4,5,6,7,0,0,0,0,0,2,0,5,21,8,5,5,21,5,11,1,2,11,11,1,11,57,52,53,57,57,52,57,Non applicable,Non applicable,Non applicable,Non applicable,Non applicable,300,Non applicable,2,7,5,2,1,6,1,1,1,1,0,1,1,0,0,0,0,2,1,0,0,0,0,0,0,1,0,1,0,102,2022-09-14 14:17:22.347
2022-09-15 16:46:59.113,2022-09-15 16:47:02.817,2022-09-16 13:57:47.823,2022-09-16 16:10:38.630,2022-09-16 17:19:57.267,2022-09-19 10:47:44.807,2022-09-19 12:30:21.363,100,105,101,105,101,105,106,510,9083,510,10027,510,9083,4322,510,9083,510,10027,510,9083,4322,Initial Request,Execution,Requester response to rejection,Execution,Requester response to rejection,Execution,Execution,Submit initial request,Non identifiable,Non identifiable,Non identifiable,Non identifiable,Non identifiable,Non identifiable,270,271,272,271,272,273,273,0,21,2,1,65,1,320,0,21,0,1,64,1,320,1,2,3,4,5,6,7,0,0,0,0,0,0,13,5,59,5,59,5,59,21,1,5,1,5,1,5,0,45,52,45,48,45,52,57,Non applicable,300,Non applicable,300,Non applicable,Non applicable,Non applicable,3,4,6,1,2,5,1,1,1,0,1,0,1,0,0,0,0,0,1,1,1,0,0,0,0,0,0,0,1,105,2022-10-02 20:57:50.117
2022-09-23 14:24:49.030,2022-09-23 14:24:51.827,2022-09-25 11:55:26.707,2022-09-25 11:58:37.910,2022-09-27 08:30:39.397,2022-09-27 15:11:29.773,2022-09-27 15:19:46.300,100,102,103,104,102,103,104,11136,3791,10606,7230,4731,10606,11136,11136,3791,10606,7230,4731,10606,11136,Initial Request,Execution,Execution,Execution,Execution,Execution,Execution,Submit initial request,Non identifiable,Non identifiable,Non identifiable,Non identifiable,Non identifiable,Non identifiable,270,273,300,279,273,300,279,0,45,0,44,6,0,1,0,45,0,20,6,0,1,1,2,3,4,5,6,7,0,0,0,0,0,0,0,5,21,11,12,21,11,5,10,0,1,1,1,1,10,46,36,49,60,52,49,46,Non applicable,Non applicable,Non applicable,Non applicable,Non applicable,Non applicable,Non applicable,2,6,5,2,0,7,1,1,1,1,1,1,1,0,0,0,0,2,1,1,0,0,1,1,0,0,0,0,0,102,2022-09-27 16:58:51.277
2022-10-27 09:34:09.977,2022-10-27 09:34:11.023,2022-10-28 16:32:33.483,2022-10-28 17:12:17.630,2022-11-15 08:45:24.717,2022-11-15 10:23:36.767,2022-11-15 15:38:13.650,100,102,103,104,102,102,103,10285,4960,10606,10285,5268,3791,10606,10285,4960,10606,10285,5268,3791,10606,Initial Request,Execution,Execution,Execution,Execution,Execution,Execution,Submit initial request,Non identifiable,Non identifiable,Non identifiable,Non identifiable,Non identifiable,Non identifiable,270,273,300,279,301,273,278,0,30,0,423,1,5,1,0,30,0,423,1,4,1,1,2,3,4,5,6,7,0,0,0,14,0,0,0,6,21,11,6,21,21,11,2,0,1,2,1,0,1,48,46,49,48,54,36,49,Non applicable,Non applicable,Non applicable,Non applicable,Non applicable,Non applicable,Non applicable,2,6,4,3,0,7,1,1,1,1,1,1,1,0,0,0,0,2,1,0,0,0,0,0,0,2,0,0,1,102,2022-11-15 16:44:22.223
2022-11-07 09:33:55.790,2022-11-07 09:33:56.273,2022-11-08 10:42:17.757,2022-11-16 09:24:30.320,2022-11-16 10:01:47.703,2022-11-16 10:26:42.183,2022-11-16 16:14:26.530,100,102,108,103,104,102,103,1073,4960,4322,10606,1073,4731,10606,1073,4960,4322,10606,1073,4731,10606,Initial Request,Execution,Execution,Execution,Execution,Execution,Execution,Submit initial request,Non identifiable,Non identifiable,Non identifiable,Non identifiable,Non identifiable,Non identifiable,270,274,273,300,279,273,278,0,25,190,0,0,5,3,0,24,190,0,0,5,2,1,2,3,4,5,6,7,0,0,0,0,0,0,0,5,21,21,11,5,21,11,2,0,0,1,2,1,1,40,46,57,49,40,52,49,Non applicable,Non applicable,Non applicable,Non applicable,Non applicable,Non applicable,Non applicable,2,7,4,3,0,6,1,1,1,1,0,1,1,0,0,0,0,2,2,1,0,0,0,0,0,0,0,0,0,102,2022-11-16 19:15:08.820
2022-11-09 08:56:28.110,2022-11-09 08:56:28.687,2022-11-10 14:29:58.003,2022-11-10 15:12:01.970,2022-11-14 09:45:14.290,2022-11-14 15:35:30.980,2022-11-14 16:41:58.330,100,102,103,104,102,103,104,9303,Robot,10606,11251,3791,10606,11251,9303,Non identifiable,10606,11251,3791,10606,11251,Initial Request,Execution,Execution,Execution,Execution,Execution,Execution,Submit initial request,Non identifiable,Non identifiable,Non identifiable,Non identifiable,Non identifiable,Non identifiable,270,273,300,279,273,300,279,0,29,0,90,5,1,0,0,29,0,0,5,1,0,1,2,3,4,5,6,7,0,0,0,2,0,0,0,5,0,11,5,21,11,5,1,0,1,2,0,1,2,58,0,49,49,36,49,49,Non applicable,Non applicable,Non applicable,Non applicable,Non applicable,Non applicable,Non applicable,2,6,5,2,0,6,1,1,1,1,0,1,1,0,0,0,0,3,1,1,0,0,0,0,0,0,0,0,0,102,2022-11-14 17:06:12.523
2022-11-22 14:16:20.097,2022-11-22 14:16:21.503,2022-11-22 14:36:22.253,2022-11-22 14:44:23.653,2022-11-24 10:27:56.947,2022-11-24 12:06:04.293,2022-11-24 12:20:26.830,100,102,103,104,107,102,102,334,4731,10606,9437,334,Robot,Robot,334,4731,10606,9437,334,Non identifiable,Non identifiable,Initial Request,Execution,Execution,Execution,Final task,Execution,Execution,Submit initial request,Non identifiable,Non identifiable,Task executed with success,Non identifiable,Task returned to team,Non identifiable,270,273,300,282,278,290,301,0,0,0,43,1,0,2,0,0,0,0,1,0,0,1,2,3,4,5,6,7,0,0,0,0,0,0,0,5,21,11,3,5,0,0,7,1,1,4,7,0,0,46,52,49,54,46,0,0,Non applicable,Non applicable,Non applicable,Non applicable,Non applicable,Non applicable,Non applicable,2,4,4,3,0,6,1,1,1,1,0,1,1,0,0,0,0,2,1,1,0,0,1,0,0,0,0,0,0,102,2022-11-24 14:54:58.140
2022-11-28 11:38:55.470,2022-11-28 11:39:01.470,2022-11-28 12:10:05.900,2022-11-28 18:46:12.277,2022-11-29 09:45:51.200,2022-11-29 13:27:43.300,2022-11-29 15:30:59.937,100,102,103,104,102,103,104,1001,4960,10606,1001,4960,10925,1001,1001,4960,10606,1001,4960,10925,1001,Initial Request,Execution,Execution,Execution,Execution,Execution,Execution,Submit initial request,Non identifiable,Non identifiable,Non identifiable,Non identifiable,Non identifiable,Non identifiable,270,273,300,279,273,300,279,0,0,6,14,3,2,1,0,0,6,14,3,2,1,1,2,3,4,5,6,7,0,0,0,0,0,0,0,5,21,11,5,21,8,5,4,0,1,4,0,2,4,44,46,49,44,46,53,44,Non applicable,Non applicable,Non applicable,Non applicable,Non applicable,Non applicable,Non applicable,2,7,5,2,0,6,1,1,1,1,0,1,1,0,0,0,0,1,2,1,0,0,0,0,0,0,0,0,1,102,2022-11-29 16:45:00.620
2022-12-05 11:14:59.710,2022-12-05 11:15:01.723,2022-12-05 11:49:32.530,2022-12-05 14:45:30.837,2022-12-05 16:31:29.957,2022-12-05 17:19:58.687,2022-12-06 19:16:39.270,100,102,103,104,107,102,103,10085,Robot,10925,10085,10085,4322,73,10085,Non identifiable,10925,10085,10085,4322,73,Initial Request,Execution,Execution,Execution,Final task,Execution,Execution,Submit initial request,Non identifiable,Non identifiable,Task executed with success,Non identifiable,Non identifiable,Non identifiable,270,273,300,282,278,273,278,0,0,2,1,0,25,18,0,0,2,1,0,25,18,1,2,3,4,5,6,7,0,0,0,0,0,0,0,5,0,8,5,5,21,8,4,0,2,4,4,0,2,58,0,53,58,58,57,53,Non applicable,Non applicable,Non applicable,Non applicable,Non applicable,Non applicable,Non applicable,1,5,5,2,0,6,1,1,1,1,0,1,1,0,0,0,0,2,0,0,1,0,1,1,0,0,0,0,0,102,2022-12-07 13:56:36.520
2022-12-05 16:37:16.530,2022-12-05 16:37:24.373,2022-12-09 13:37:01.743,2022-12-12 11:09:34.343,2022-12-14 16:35:51.130,2022-12-15 09:25:42.370,2022-12-15 13:44:39.887,100,105,101,105,101,105,101,1109,9083,1109,10027,1109,10027,1109,1109,9083,1109,10027,1109,10027,1109,Initial Request,Execution,Requester response to rejection,Execution,Requester response to rejection,Execution,Requester response to rejection,Submit initial request,Non identifiable,Non identifiable,Non identifiable,Non identifiable,Non identifiable,Non identifiable,270,271,272,271,272,271,272,0,92,69,53,16,4,0,0,21,69,4,0,4,0,1,2,3,4,5,6,7,0,2,0,1,0,0,0,8,59,8,59,8,59,8,0,5,0,5,0,5,0,41,52,41,48,41,48,41,Non applicable,300,Non applicable,300,Non applicable,300,Non applicable,3,4,7,0,3,5,1,1,1,0,1,0,1,0,0,0,0,0,1,2,0,0,0,0,0,0,0,0,1,105,2022-12-15 14:06:35.070
2022-12-06 09:34:19.170,2022-12-06 09:34:24.373,2022-12-06 13:56:42.583,2022-12-06 14:11:06.170,2022-12-06 14:18:36.753,2022-12-07 10:31:35.287,2022-12-07 10:44:48.587,100,102,103,102,103,104,107,1178,Robot,10564,Robot,73,1178,1178,1178,Non identifiable,10564,Non identifiable,73,1178,1178,Initial Request,Execution,Execution,Execution,Execution,Execution,Final task,Submit initial request,Non identifiable,Non identifiable,Non identifiable,Non identifiable,Task executed with success,Non identifiable,270,273,278,273,300,282,278,0,4,0,0,20,0,0,0,4,0,0,20,0,0,1,2,3,4,5,6,7,0,0,0,0,0,0,0,5,0,10,0,8,5,5,2,0,2,0,2,2,2,40,0,51,0,53,40,40,Non applicable,Non applicable,Non applicable,Non applicable,Non applicable,Non applicable,Non applicable,2,4,5,2,0,8,1,1,1,1,0,1,1,0,1,1,0,1,1,1,0,0,1,1,0,0,0,0,0,102,2022-12-07 10:51:23.807
2022-12-09 12:38:20.273,2022-12-09 12:38:20.963,2022-12-11 15:57:26.507,2022-12-12 13:36:21.170,2022-12-12 16:00:22.130,2022-12-13 10:46:07.933,2022-12-13 12:00:26.620,100,102,103,104,102,103,104,11011,4322,73,11011,Robot,73,11011,11011,4322,73,11011,Non identifiable,73,11011,Initial Request,Execution,Execution,Execution,Execution,Execution,Execution,Submit initial request,Non identifiable,Non identifiable,Non identifiable,Non identifiable,Non identifiable,Non identifiable,270,273,300,279,273,300,279,0,51,21,2,18,1,1,0,51,21,2,18,1,0,1,2,3,4,5,6,7,0,0,0,0,0,0,0,6,21,8,6,0,8,6,5,0,2,5,0,2,5,51,57,53,51,0,53,51,Non applicable,Non applicable,Non applicable,Non applicable,Non applicable,Non applicable,Non applicable,2,4,5,2,0,6,1,1,1,1,1,1,0,0,0,0,0,1,1,0,1,1,1,0,0,0,0,0,0,102,2022-12-13 13:22:39.403
2023-01-09 11:22:59.840,2023-01-09 11:23:01.090,2023-01-09 13:01:48.733,2023-01-09 13:05:21.800,2023-01-09 13:44:44.173,2023-01-09 14:06:04.120,2023-01-09 14:19:48.623,100,102,103,104,102,103,104,7341,Robot,10606,7341,Robot,10606,7341,7341,Non identifiable,10606,7341,Non identifiable,10606,7341,Initial Request,Execution,Execution,Execution,Execution,Execution,Execution,Submit initial request,Non identifiable,Non identifiable,Non identifiable,Non identifiable,Non identifiable,Non identifiable,270,273,300,279,273,300,279,0,1,0,0,0,0,0,0,1,0,0,0,0,0,1,2,3,4,5,6,7,0,0,0,0,0,0,0,5,0,11,5,0,11,5,2,0,1,2,0,1,2,60,0,49,60,0,49,60,Non applicable,Non applicable,Non applicable,Non applicable,Non applicable,Non applicable,Non applicable,2,2,5,2,0,6,1,1,1,1,1,1,0,0,0,0,0,0,1,1,1,2,0,0,0,0,0,0,0,102,2023-01-09 14:56:37.537
2023-01-24 09:28:43.510,2023-01-24 09:28:44.807,2023-01-24 11:45:17.653,2023-01-24 13:34:50.567,2023-01-24 14:18:50.490,2023-01-24 14:33:30.033,2023-01-24 16:22:42.883,100,102,103,104,102,103,104,1934,4960,10925,1934,4960,73,1934,1934,4960,10925,1934,4960,73,1934,Initial Request,Execution,Execution,Execution,Execution,Execution,Execution,Submit initial request,Non identifiable,Non identifiable,Non identifiable,Non identifiable,Non identifiable,Non identifiable,270,273,300,279,273,300,279,0,2,1,0,0,1,0,0,2,0,0,0,0,0,1,2,3,4,5,6,7,0,0,0,0,0,0,0,4,21,8,4,21,8,4,2,0,2,2,0,2,2,29,46,53,29,46,53,29,Non applicable,Non applicable,Non applicable,Non applicable,Non applicable,Non applicable,Non applicable,2,6,5,2,0,7,1,1,1,1,1,1,0,1,0,0,0,2,1,0,0,1,1,1,0,0,0,0,0,102,2023-01-24 16:25:55.640
2023-01-27 17:17:29.470,2023-01-27 17:17:33.220,2023-01-30 08:23:20.670,2023-01-30 11:43:55.113,2023-01-30 11:58:26.697,2023-01-30 12:06:55.073,2023-01-30 19:02:42.180,100,102,103,104,102,103,104,9439,4960,10925,9439,4960,10606,8004,9439,4960,10925,9439,4960,10606,8004,Initial Request,Execution,Execution,Execution,Execution,Execution,Execution,Submit initial request,Non identifiable,Non identifiable,Non identifiable,Non identifiable,Non identifiable,Non identifiable,270,273,300,279,273,300,279,0,63,3,0,0,6,14,0,63,3,0,0,0,13,1,2,3,4,5,6,7,0,0,0,0,0,0,0,5,21,8,5,21,11,4,0,0,2,0,0,1,1,55,46,53,55,46,49,55,Non applicable,Non applicable,Non applicable,Non applicable,Non applicable,Non applicable,Non applicable,2,4,5,2,0,6,1,1,1,1,1,1,0,0,0,0,0,2,0,1,1,0,1,0,0,0,0,0,0,102,2023-01-31 09:17:21.113
2023-02-09 12:27:45.510,2023-02-09 12:27:46.103,2023-02-09 12:48:35.917,2023-02-09 12:57:23.390,2023-02-09 16:43:59.957,2023-02-09 16:48:09.710,2023-02-09 16:59:47.623,100,102,103,104,102,103,104,10475,Robot,7329,10475,Robot,7329,10475,10475,Non identifiable,7329,10475,Non identifiable,7329,10475,Initial Request,Execution,Execution,Execution,Execution,Execution,Execution,Submit initial request,Non identifiable,Non identifiable,Non identifiable,Non identifiable,Non identifiable,Non identifiable,270,273,300,279,273,300,279,0,0,0,3,0,0,0,0,0,0,0,0,0,0,1,2,3,4,5,6,7,0,0,0,0,0,0,0,5,0,8,5,0,8,5,2,0,8,2,0,8,2,51,0,59,51,0,59,51,Non applicable,Non applicable,Non applicable,Non applicable,Non applicable,Non applicable,Non applicable,2,0,5,2,0,6,1,1,1,1,1,1,0,0,0,0,0,3,0,1,1,0,0,0,0,0,0,0,0,102,2023-02-09 17:39:47.357
2023-02-13 09:16:46.687,2023-02-13 09:16:48.530,2023-02-13 14:06:34.793,2023-02-13 16:47:45.173,2023-02-13 17:26:02.820,2023-02-13 17:31:25.520,2023-02-14 08:49:29.843,100,102,103,104,102,104,107,1001,Robot,8804,998,Robot,1001,1001,1001,Non identifiable,8804,998,Non identifiable,1001,1001,Initial Request,Execution,Execution,Execution,Execution,Execution,Final task,Submit initial request,Non identifiable,Non identifiable,Non identifiable,Non identifiable,Task executed with success,Non identifiable,270,273,300,279,275,282,278,0,4,2,0,0,15,0,0,4,0,0,0,15,0,1,2,3,4,5,6,7,0,0,0,0,0,0,0,5,0,8,3,0,5,5,4,0,8,1,0,4,4,44,0,60,43,0,44,44,Non applicable,Non applicable,Non applicable,Non applicable,Non applicable,Non applicable,Non applicable,1,4,5,2,0,7,1,1,1,1,1,1,0,1,0,0,0,3,1,0,0,0,0,1,0,1,0,0,0,102,2023-02-14 08:51:23.807
2023-02-13 15:43:29.650,2023-02-13 15:43:30.790,2023-02-13 18:20:03.860,2023-02-14 10:25:03.253,2023-02-14 12:33:21.897,2023-02-14 14:53:45.693,2023-02-14 16:32:31.737,100,102,102,102,103,104,107,9088,Robot,Robot,Robot,10925,9088,9088,9088,Non identifiable,Non identifiable,Non identifiable,10925,9088,9088,Initial Request,Execution,Execution,Execution,Execution,Execution,Final task,Submit initial request,Task returned to team,Task returned to team,Non identifiable,Non identifiable,Task executed with success,Non identifiable,270,290,290,273,300,282,278,0,2,16,2,2,1,2,0,2,16,1,2,0,0,1,2,3,4,5,6,7,0,0,0,0,0,0,0,5,0,0,0,8,5,5,2,0,0,0,2,2,2,53,0,0,0,53,53,53,Non applicable,Non applicable,Non applicable,Non applicable,Non applicable,Non applicable,Non applicable,2,1,4,3,0,7,1,1,1,1,1,1,0,1,0,0,0,1,1,0,0,0,2,1,0,1,0,0,0,102,2023-02-14 18:57:44.890
2023-03-13 08:55:38.717,2023-03-13 08:55:47.187,2023-03-13 16:08:50.950,2023-03-13 17:05:37.757,2023-03-13 17:28:07.090,2023-03-13 17:45:55.210,2023-03-14 10:01:45.930,100,105,101,105,106,105,101,1568,10272,1568,9083,Robot,10027,1568,1568,10272,1568,9083,Non identifiable,10027,1568,Initial Request,Execution,Requester response to rejection,Execution,Execution,Execution,Requester response to rejection,Submit initial request,Non identifiable,Non identifiable,Non identifiable,Non identifiable,Non identifiable,Non identifiable,270,271,272,273,273,271,272,0,7,0,0,0,16,0,0,7,0,0,0,16,0,1,2,3,4,5,6,7,0,0,0,0,0,0,0,5,32,5,59,0,59,5,1,2,1,5,0,5,1,34,52,34,52,0,48,34,Non applicable,300,Non applicable,Non applicable,Non applicable,300,Non applicable,3,4,6,1,2,4,1,1,1,0,1,0,0,0,0,0,0,0,0,1,0,1,0,0,0,0,0,0,1,105,2023-03-14 10:41:12.240
2023-03-21 16:44:40.180,2023-03-21 16:44:40.647,2023-03-22 08:08:44.363,2023-03-22 08:27:01.990,2023-04-24 10:16:48.400,2023-04-24 10:20:36.057,2023-04-24 10:42:19.933,100,102,101,102,101,102,101,1927,4322,1927,4960,1927,4960,1927,1927,4322,1927,4960,1927,4960,1927,Initial Request,Execution,Requester response to rejection,Execution,Requester response to rejection,Execution,Requester response to rejection,Submit initial request,Non identifiable,Non identifiable,Non identifiable,Non identifiable,Non identifiable,Non identifiable,270,271,272,271,272,271,272,0,15,0,793,0,0,0,0,15,0,1,0,0,0,1,2,3,4,5,6,7,0,0,0,32,0,0,0,1,21,1,21,1,21,1,0,0,0,0,0,0,0,28,57,28,46,28,46,28,Non applicable,183,Non applicable,300,Non applicable,300,Non applicable,2,7,4,3,3,6,1,1,1,1,1,1,0,0,0,0,0,4,0,0,1,0,0,0,0,0,0,0,0,102,2023-04-24 10:59:26.020
2023-03-24 08:54:19.467,2023-03-24 08:54:20.217,2023-03-24 11:16:57.643,2023-03-24 12:36:29.313,2023-03-24 13:05:43.133,2023-03-24 13:08:31.303,2023-03-24 14:00:37.693,100,102,103,104,107,102,104,8858,4731,8804,8858,8858,4731,8858,8858,4731,8804,8858,8858,4731,8858,Initial Request,Execution,Execution,Execution,Final task,Execution,Execution,Submit initial request,Non identifiable,Non identifiable,Task executed with success,Non identifiable,Non identifiable,Non identifiable,270,273,300,282,278,275,279,0,2,1,0,0,0,2,0,2,0,0,0,0,1,1,2,3,4,5,6,7,0,0,0,0,0,0,0,5,21,8,5,5,21,5,6,1,8,6,6,1,6,54,52,60,54,54,52,54,Non applicable,Non applicable,Non applicable,Non applicable,Non applicable,Non applicable,Non applicable,2,3,5,2,0,7,1,1,1,1,1,1,0,1,0,0,0,2,1,0,1,0,1,0,0,0,0,1,0,102,2023-03-24 16:53:36.430
2023-04-05 10:14:03.003,2023-04-05 10:14:03.677,2023-04-06 12:15:26.490,2023-04-06 12:32:25.390,2023-04-06 13:03:10.890,2023-04-24 13:58:35.680,2023-04-24 14:03:52.940,100,102,101,102,102,103,104,10863,4960,10863,4960,4960,7854,10863,10863,4960,10863,4960,4960,7854,10863,Initial Request,Execution,Requester response to rejection,Execution,Execution,Execution,Execution,Submit initial request,Non identifiable,Non identifiable,Task returned to team,Non identifiable,Non identifiable,Non identifiable,270,271,272,290,273,300,279,0,26,0,0,432,0,1,0,25,0,0,0,0,1,1,2,3,4,5,6,7,0,0,0,0,14,0,0,4,21,4,21,21,9,4,0,0,0,0,0,2,0,49,46,49,46,46,55,49,Non applicable,300,Non applicable,Non applicable,Non applicable,Non applicable,Non applicable,2,7,4,3,1,6,1,1,1,1,1,1,0,0,0,0,0,0,1,2,1,1,0,0,0,0,0,0,0,102,2023-04-24 15:51:15.270
2023-04-12 09:02:54.873,2023-04-12 09:03:05.967,2023-04-14 10:42:28.753,2023-04-14 11:27:10.760,2023-04-19 09:41:40.080,2023-04-20 10:59:23.127,2023-04-20 12:35:58.150,100,102,104,104,104,104,104,7730,4731,7730,7730,7730,7730,7730,7730,4731,7730,7730,7730,7730,7730,Initial Request,Execution,Execution,Execution,Execution,Execution,Execution,Submit initial request,Non identifiable,Task returned to team,Task returned to team,Task returned to team,Task returned to team,Non identifiable,270,275,290,290,290,290,279,0,49,0,118,25,1,5,0,49,0,118,0,0,5,1,2,3,4,5,6,7,0,1,0,2,3,3,3,5,21,5,5,5,5,5,2,1,2,2,2,2,2,59,52,59,59,59,59,59,Non applicable,Non applicable,Non applicable,Non applicable,Non applicable,Non applicable,Non applicable,3,1,6,1,0,6,1,1,1,1,1,0,0,1,0,0,0,2,1,0,0,0,1,1,0,0,0,0,0,102,2023-04-20 18:26:41.670
2023-04-26 13:43:02.530,2023-04-26 13:43:05.920,2023-04-27 13:56:09.233,2023-04-27 16:32:37.483,2023-04-27 16:37:16.903,2023-04-27 16:39:47.710,2023-04-27 16:48:24.783,100,102,101,102,101,102,101,9946,4960,9946,4960,9946,4960,9946,9946,4960,9946,4960,9946,4960,9946,Initial Request,Execution,Requester response to rejection,Execution,Requester response to rejection,Execution,Requester response to rejection,Submit initial request,Non identifiable,Non identifiable,Non identifiable,Non identifiable,Non identifiable,Non identifiable,270,271,272,271,272,271,272,0,24,2,0,0,0,0,0,24,2,0,0,0,0,1,2,3,4,5,6,7,0,0,0,0,0,0,0,5,21,5,21,5,21,5,5,0,5,0,5,0,5,50,46,50,46,50,46,50,Non applicable,331,Non applicable,331,Non applicable,300,Non applicable,2,7,4,3,3,6,1,1,1,1,1,1,0,0,0,0,0,2,0,0,1,2,0,0,0,0,0,0,0,102,2023-04-27 17:04:42.990
2023-05-09 13:41:05.873,2023-05-09 13:41:08.187,2023-05-09 17:22:28.097,2023-05-10 15:11:16.560,2023-05-10 15:21:29.577,2023-05-19 17:28:00.120,2023-05-22 05:41:47.013,100,102,102,103,104,102,102,6869,4731,4731,10606,1198,4322,4322,6869,4731,4731,10606,1198,4322,4322,Initial Request,Execution,Execution,Execution,Execution,Execution,Execution,Submit initial request,Task returned to team,Non identifiable,Non identifiable,Non identifiable,Task returned to team,Task returned to team,270,290,273,300,279,290,290,0,3,21,0,218,60,5,0,0,0,0,213,59,5,1,2,3,4,5,6,7,0,0,0,0,8,0,0,5,21,21,11,6,21,21,5,1,1,1,3,0,0,60,52,52,49,39,57,57,Non applicable,Non applicable,Non applicable,Non applicable,Non applicable,Non applicable,Non applicable,2,7,3,4,0,6,1,1,1,1,1,1,0,0,0,0,0,1,0,2,1,0,1,0,0,0,0,0,0,102,2023-05-22 11:26:23.373
2023-05-10 15:21:31.013,2023-05-10 15:21:49.157,2023-05-11 05:52:39.380,2023-05-11 08:58:32.523,2023-05-11 11:36:16.213,2023-05-11 11:44:32.227,2023-05-11 12:06:55.030,100,102,101,102,102,102,102,9958,4322,9958,4960,4731,4960,4731,9958,4322,9958,4960,4731,4960,4731,Initial Request,Execution,Requester response to rejection,Execution,Execution,Execution,Execution,Submit initial request,Non identifiable,Non identifiable,Task returned to team,Task returned to team,Task returned to team,Task returned to team,270,271,272,290,290,290,290,0,14,3,2,0,0,0,0,14,2,2,0,0,0,1,2,3,4,5,6,7,0,0,0,0,0,0,0,5,21,5,21,21,21,21,6,0,6,0,1,0,1,48,57,48,46,52,46,52,Non applicable,183,Non applicable,Non applicable,Non applicable,Non applicable,Non applicable,2,7,2,5,1,6,1,1,1,1,1,0,0,1,0,0,0,2,1,0,0,0,1,1,0,0,0,0,0,102,2023-05-11 12:29:06.133
2023-05-22 09:39:30.970,2023-05-22 09:39:37.610,2023-05-22 11:32:47.453,2023-05-23 09:36:39.033,2023-05-24 08:37:52.267,2023-05-24 09:07:03.953,2023-05-24 09:20:21.587,100,102,101,102,101,102,101,870,4960,870,4960,870,4960,870,870,4960,870,4960,870,4960,870,Initial Request,Execution,Requester response to rejection,Execution,Requester response to rejection,Execution,Requester response to rejection,Submit initial request,Non identifiable,Non identifiable,Non identifiable,Non identifiable,Non identifiable,Non identifiable,270,271,272,271,272,271,272,0,1,22,23,0,0,0,0,1,22,22,0,0,0,1,2,3,4,5,6,7,0,0,0,0,0,0,0,5,21,5,21,5,21,5,2,0,2,0,2,0,2,44,46,44,46,44,46,44,Non applicable,331,Non applicable,183,Non applicable,183,Non applicable,0,3,4,3,3,5,1,1,1,1,1,0,0,0,0,0,0,2,0,1,1,0,0,0,0,0,0,0,0,102,2023-05-24 09:42:42.833
2023-05-24 09:27:29.290,2023-05-24 09:27:35.223,2023-05-25 10:45:16.560,2023-05-25 13:01:36.460,2023-05-25 15:30:26.673,2023-05-25 15:48:44.603,2023-05-25 17:03:23.027,100,102,103,104,107,102,104,1719,4731,10606,1719,1719,4731,1719,1719,4731,10606,1719,1719,4731,1719,Initial Request,Execution,Execution,Execution,Final task,Execution,Execution,Submit initial request,Non identifiable,Non identifiable,Task executed with success,Non identifiable,Non identifiable,Non identifiable,270,273,300,282,278,275,279,0,25,2,2,0,1,0,0,25,0,0,0,1,0,1,2,3,4,5,6,7,0,0,0,0,0,0,0,5,21,11,5,5,21,5,0,1,1,0,0,1,0,31,52,49,31,31,52,31,Non applicable,Non applicable,Non applicable,Non applicable,Non applicable,Non applicable,Non applicable,2,7,5,2,0,7,1,1,1,1,1,1,0,1,0,0,0,2,1,0,1,1,0,0,0,0,0,1,0,102,2023-05-25 17:10:54.143
2023-05-25 16:39:47.980,2023-05-25 16:39:49.590,2023-05-29 10:10:55.857,2023-06-13 15:14:12.420,2023-06-13 16:34:08.253,2023-06-13 17:35:10.990,2023-06-15 14:22:10.483,100,102,108,103,104,102,104,10589,4322,4322,10606,10589,4322,10589,10589,4322,4322,10606,10589,4322,10589,Initial Request,Execution,Execution,Execution,Execution,Execution,Execution,Submit initial request,Non identifiable,Non identifiable,Non identifiable,Non identifiable,Non identifiable,Non identifiable,270,274,273,300,279,275,279,0,89,365,1,1,44,0,0,88,364,1,0,39,0,1,2,3,4,5,6,7,0,2,0,0,0,0,0,5,21,21,11,5,21,5,0,0,0,1,0,0,0,48,57,57,49,48,57,48,Non applicable,Non applicable,Non applicable,Non applicable,Non applicable,Non applicable,Non applicable,2,7,4,3,0,7,1,1,1,1,1,1,0,1,0,0,0,2,2,0,1,0,1,0,0,0,0,0,0,102,2023-06-15 15:21:16.807
2023-06-21 13:19:38.550,2023-06-21 13:19:39.753,2023-06-21 15:36:05.293,2023-06-21 19:39:48.537,2023-06-22 10:34:17.230,2023-06-22 10:38:59.013,2023-06-22 11:41:58.073,100,102,103,102,102,103,104,1853,4960,10606,4960,4322,10606,10475,1853,4960,10606,4960,4322,10606,10475,Initial Request,Execution,Execution,Execution,Execution,Execution,Execution,Submit initial request,Non identifiable,Non identifiable,Task returned to team,Non identifiable,Non identifiable,Non identifiable,270,273,278,290,273,300,279,0,2,4,14,0,1,26,0,2,3,13,0,0,0,1,2,3,4,5,6,7,0,0,0,0,0,0,0,5,21,11,21,21,11,5,4,0,1,0,0,1,2,27,46,49,46,57,49,51,Non applicable,Non applicable,Non applicable,Non applicable,Non applicable,Non applicable,Non applicable,2,6,4,3,0,7,1,1,1,1,1,1,0,1,0,0,0,2,0,2,0,1,0,1,0,0,0,0,0,102,2023-06-23 13:53:36.260
2023-06-30 17:31:30.580,2023-06-30 17:31:31.237,2023-07-02 06:55:40.170,2023-07-02 16:07:52.547,2023-07-13 16:21:52.457,2023-07-13 23:20:45.617,2023-07-15 00:39:00.350,100,102,103,104,102,103,104,519,4322,10606,519,4322,8804,519,519,4322,10606,519,4322,8804,519,Initial Request,Execution,Execution,Execution,Execution,Execution,Execution,Submit initial request,Non identifiable,Non identifiable,Non identifiable,Non identifiable,Non identifiable,Non identifiable,270,273,300,279,273,300,279,0,37,9,264,6,25,56,0,37,9,67,6,10,34,1,2,3,4,5,6,7,0,0,0,10,0,0,0,5,21,11,5,21,8,5,1,0,1,1,0,8,1,47,57,49,47,57,60,47,Non applicable,Non applicable,Non applicable,Non applicable,Non applicable,Non applicable,Non applicable,2,7,5,2,0,7,1,1,1,1,1,1,0,1,0,0,0,2,0,1,1,2,0,0,0,0,0,0,0,102,2023-07-17 09:36:15.643
2023-07-03 10:05:29.033,2023-07-03 10:05:29.940,2023-07-03 11:53:05.817,2023-07-03 12:00:11.320,2023-07-03 12:14:40.210,2023-07-03 14:05:21.550,2023-07-03 14:10:22.410,100,102,103,104,104,104,107,1395,4731,10606,606,1395,1395,1395,1395,4731,10606,606,1395,1395,1395,Initial Request,Execution,Execution,Execution,Execution,Execution,Final task,Submit initial request,Non identifiable,Non identifiable,Task returned to team,Task returned to team,Task executed with success,Non identifiable,270,273,300,290,290,282,278,0,1,0,0,1,0,0,0,1,0,0,1,0,0,1,2,3,4,5,6,7,0,0,0,0,0,0,0,6,21,11,3,6,6,6,2,1,1,0,2,2,2,37,52,49,46,37,37,37,Non applicable,Non applicable,Non applicable,Non applicable,Non applicable,Non applicable,Non applicable,2,7,6,1,0,6,1,1,1,1,1,1,0,0,0,0,0,1,0,2,1,0,1,0,0,0,0,0,0,102,2023-07-03 14:18:59.287
2023-07-11 12:22:30.717,2023-07-11 12:22:31.653,2023-07-18 16:02:51.067,2023-07-24 13:27:27.390,2023-07-24 14:18:25.543,2023-07-25 13:33:46.073,2023-07-25 15:45:34.030,100,105,106,105,106,105,101,1760,10272,4322,10027,4322,10027,1760,1760,10272,4322,10027,4322,10027,1760,Initial Request,Execution,Execution,Execution,Execution,Execution,Requester response to rejection,Submit initial request,Non identifiable,Non identifiable,Non identifiable,Non identifiable,Non identifiable,Non identifiable,270,273,273,273,273,271,272,0,171,141,0,23,2,0,0,0,141,0,23,2,0,1,2,3,4,5,6,7,0,6,5,0,0,0,0,4,32,21,59,21,59,4,1,2,0,5,0,5,1,30,52,57,48,57,48,30,Non applicable,Non applicable,Non applicable,Non applicable,Non applicable,300,Non applicable,0,3,5,2,1,4,1,1,1,0,1,0,0,0,0,0,0,0,1,1,0,0,0,0,0,0,0,0,1,105,2023-07-25 16:25:13.400
2023-07-25 13:54:15.930,2023-07-25 13:54:17.213,2023-07-25 15:24:25.597,2023-07-26 00:02:47.060,2023-07-26 00:06:24.310,2023-07-31 16:11:57.350,2023-08-02 13:29:51.397,100,102,102,103,104,104,107,367,4960,4322,10606,367,367,367,367,4960,4322,10606,367,367,367,Initial Request,Execution,Execution,Execution,Execution,Execution,Final task,Submit initial request,Task returned to team,Non identifiable,Non identifiable,Task returned to team,Task executed with success,Non identifiable,270,290,273,300,290,282,278,0,1,8,0,136,45,0,0,1,8,0,8,45,0,1,2,3,4,5,6,7,0,0,0,0,5,6,0,4,21,21,11,4,4,4,4,0,0,1,4,4,4,47,46,57,49,47,47,47,Non applicable,Non applicable,Non applicable,Non applicable,Non applicable,Non applicable,Non applicable,2,7,5,2,0,6,1,1,1,1,1,1,0,0,0,0,0,2,1,0,1,1,0,0,0,0,0,0,0,102,2023-08-02 13:33:39.350
2023-07-26 10:19:02.757,2023-07-26 10:19:03.350,2023-07-26 11:16:05.343,2023-07-26 16:25:42.460,2023-07-27 08:48:44.283,2023-07-27 17:38:50.473,2023-07-28 09:27:25.660,100,102,101,102,101,102,101,Robot,4960,Robot,4960,Robot,4960,Robot,Non identifiable,4960,Non identifiable,4960,Non identifiable,4960,Non identifiable,Initial Request,Execution,Requester response to rejection,Execution,Requester response to rejection,Execution,Requester response to rejection,Submit initial request,Non identifiable,Non identifiable,Non identifiable,Non identifiable,Non identifiable,Non identifiable,270,271,272,271,272,271,272,0,0,5,16,8,15,0,0,0,5,16,8,15,0,1,2,3,4,5,6,7,0,0,0,0,0,0,0,0,21,0,21,0,21,0,0,0,0,0,0,0,0,0,46,0,46,0,46,0,Non applicable,183,Non applicable,183,Non applicable,183,Non applicable,3,3,0,7,3,6,1,1,1,1,1,0,0,1,0,0,0,1,1,2,0,0,0,1,0,0,0,0,0,102,2023-07-28 09:49:36.753
2023-08-04 15:32:11.687,2023-08-04 15:32:18.170,2023-08-05 23:42:40.540,2023-08-07 10:41:39.953,2023-08-08 23:59:44.053,2023-08-09 08:49:00.173,2023-08-12 21:21:29.943,100,102,104,102,104,102,104,2096,10606,2096,4322,2096,10606,2096,2096,10606,2096,4322,2096,10606,2096,Initial Request,Execution,Execution,Execution,Execution,Execution,Execution,Submit initial request,Non identifiable,Non identifiable,Non identifiable,Non identifiable,Non identifiable,Non identifiable,270,275,279,275,279,275,279,0,32,34,37,8,84,35,0,32,34,9,8,5,35,1,2,3,4,5,6,7,0,0,0,0,0,3,0,4,11,4,21,4,11,4,1,1,1,0,1,1,1,27,49,27,57,27,49,27,Non applicable,Non applicable,Non applicable,Non applicable,Non applicable,Non applicable,Non applicable,2,7,6,1,0,6,1,1,1,1,1,0,0,1,0,0,0,2,0,0,0,2,0,0,0,0,0,1,0,102,2023-08-14 09:01:33.837
2023-08-07 16:30:26.763,2023-08-07 16:30:32.000,2023-08-08 09:23:41.087,2023-08-08 09:38:13.010,2023-08-08 10:12:44.363,2023-08-08 10:35:23.970,2023-08-08 15:06:20.520,100,102,104,107,102,102,104,9805,4960,9805,9805,4731,4960,9805,9805,4960,9805,9805,4731,4960,9805,Initial Request,Execution,Execution,Final task,Execution,Execution,Execution,Submit initial request,Non identifiable,Task executed with success,Non identifiable,Task returned to team,Non identifiable,Non identifiable,270,275,282,278,290,275,279,0,16,0,0,0,4,0,0,16,0,0,0,0,0,1,2,3,4,5,6,7,0,0,0,0,0,0,0,5,21,5,5,21,21,5,3,0,3,3,1,0,3,53,46,53,53,52,46,53,Non applicable,Non applicable,Non applicable,Non applicable,Non applicable,Non applicable,Non applicable,2,3,4,3,0,6,1,1,1,1,1,0,0,1,0,0,0,1,2,0,0,0,1,1,0,0,0,0,0,102,2023-08-08 16:00:11.233
2023-09-06 12:12:03.987,2023-09-06 12:12:05.300,2023-09-06 15:39:39.043,2023-09-06 15:46:31.457,2023-09-06 18:08:58.510,2023-09-06 22:01:34.133,2023-09-06 22:05:22.330,100,102,103,104,102,103,104,519,4960,10606,519,4322,10606,519,519,4960,10606,519,4322,10606,519,Initial Request,Execution,Execution,Execution,Execution,Execution,Execution,Submit initial request,Non identifiable,Non identifiable,Non identifiable,Non identifiable,Non identifiable,Non identifiable,270,273,300,279,273,300,279,0,3,0,2,3,0,11,0,3,0,1,3,0,11,1,2,3,4,5,6,7,0,0,0,0,0,0,0,5,21,11,5,21,11,5,1,0,1,1,0,1,1,47,46,49,47,57,49,47,Non applicable,Non applicable,Non applicable,Non applicable,Non applicable,Non applicable,Non applicable,2,7,5,2,0,7,1,1,1,1,1,1,0,1,0,0,0,1,1,0,1,2,1,0,0,0,0,0,0,102,2023-09-07 09:40:42.890
2023-09-07 13:40:03.100,2023-09-07 13:40:04.520,2023-09-07 17:09:08.670,2023-09-08 08:31:54.127,2023-09-08 16:40:06.330,2023-09-09 08:58:57.383,2023-09-13 13:12:31.300,100,102,101,102,103,104,107,8634,4960,8634,4960,10606,8634,8634,8634,4960,8634,4960,10606,8634,8634,Initial Request,Execution,Requester response to rejection,Execution,Execution,Execution,Final task,Submit initial request,Non identifiable,Non identifiable,Non identifiable,Non identifiable,Task executed with success,Non identifiable,270,271,272,273,300,282,278,0,3,15,8,16,100,0,0,3,15,8,16,47,0,1,2,3,4,5,6,7,0,0,0,0,0,1,0,6,21,6,21,11,6,6,5,0,5,0,1,5,5,57,46,57,46,49,57,57,Non applicable,183,Non applicable,Non applicable,Non applicable,Non applicable,Non applicable,2,3,5,2,1,6,1,1,1,1,1,1,0,0,0,0,0,2,0,1,1,0,1,0,0,0,0,0,0,102,2023-09-13 13:32:21.933
2023-09-08 11:26:49.520,2023-09-08 11:26:51.067,2023-09-08 15:53:45.547,2023-09-08 16:57:36.787,2023-09-11 15:43:30.137,2023-09-13 10:47:54.810,2023-09-19 15:46:33.437,100,105,101,105,106,105,101,876,9083,876,9083,4322,9083,876,876,9083,876,9083,4322,9083,876,Initial Request,Execution,Requester response to rejection,Execution,Execution,Execution,Requester response to rejection,Submit initial request,Non identifiable,Non identifiable,Non identifiable,Non identifiable,Non identifiable,Non identifiable,270,271,272,273,273,271,272,0,4,1,70,43,148,1,0,4,0,70,42,29,0,1,2,3,4,5,6,7,0,0,0,0,1,5,0,5,59,5,59,21,59,5,3,5,3,5,0,5,3,41,52,41,52,57,52,41,Non applicable,300,Non applicable,Non applicable,Non applicable,300,Non applicable,1,4,6,1,2,7,1,1,1,0,1,0,0,0,1,1,1,1,1,0,0,0,0,1,0,0,0,0,1,105,2023-09-19 16:48:12.747
2023-09-12 17:18:18.507,2023-09-12 17:18:20.040,2023-09-13 08:45:13.740,2023-09-13 15:26:52.473,2023-09-13 15:28:35.607,2023-09-13 15:41:48.093,2023-09-14 14:59:36.317,100,102,102,102,103,104,107,10654,4322,4322,4322,10606,10654,10654,10654,4322,4322,4322,10606,10654,10654,Initial Request,Execution,Execution,Execution,Execution,Execution,Final task,Submit initial request,Task returned to team,Task returned to team,Non identifiable,Non identifiable,Task executed with success,Non identifiable,270,290,290,273,300,282,278,0,15,6,0,0,23,0,0,15,0,0,0,1,0,1,2,3,4,5,6,7,0,0,0,0,0,0,0,5,21,21,21,11,5,5,1,0,0,0,1,1,1,49,57,57,57,49,49,49,Non applicable,Non applicable,Non applicable,Non applicable,Non applicable,Non applicable,Non applicable,2,7,4,3,0,6,1,1,1,1,1,1,0,0,0,0,0,1,1,2,1,0,0,0,0,0,0,0,0,102,2023-09-14 15:00:34.900
2023-09-18 10:13:53.400,2023-09-18 10:13:54.057,2023-09-18 11:26:57.440,2023-09-18 12:15:30.053,2023-09-18 12:20:20.233,2023-09-18 14:49:44.753,2023-09-18 22:01:28.527,100,102,102,101,102,102,104,1537,4731,4322,1537,4322,4322,1537,1537,4731,4322,1537,4322,4322,1537,Initial Request,Execution,Execution,Requester response to rejection,Execution,Execution,Execution,Submit initial request,Task returned to team,Non identifiable,Non identifiable,Task returned to team,Non identifiable,Non identifiable,270,290,271,272,290,275,279,0,1,0,0,2,7,62,0,1,0,0,2,7,61,1,2,3,4,5,6,7,0,0,0,0,0,0,1,5,21,21,5,21,21,5,5,1,0,5,0,0,5,34,52,57,34,57,57,34,Non applicable,Non applicable,300,Non applicable,Non applicable,Non applicable,Non applicable,3,7,3,4,1,6,1,1,1,1,1,0,0,1,0,0,0,1,1,2,0,0,0,1,0,0,0,0,0,102,2023-09-21 12:03:31.343
2023-10-06 16:11:15.593,2023-10-06 16:11:15.887,2023-10-06 16:32:20.193,2023-10-07 10:45:01.760,2023-10-07 10:47:42.737,2023-10-30 16:37:34.800,2023-10-30 16:48:00.410,100,102,102,103,104,102,104,2109,4731,10606,10606,2109,4322,2109,2109,4731,10606,10606,2109,4322,2109,Initial Request,Execution,Execution,Execution,Execution,Execution,Execution,Submit initial request,Task returned to team,Non identifiable,Non identifiable,Non identifiable,Non identifiable,Non identifiable,270,290,273,300,279,275,279,0,0,18,0,557,0,0,0,0,18,0,557,0,0,1,2,3,4,5,6,7,0,0,0,0,21,0,0,4,21,11,11,4,21,4,0,1,1,1,0,0,0,27,52,49,49,27,57,27,Non applicable,Non applicable,Non applicable,Non applicable,Non applicable,Non applicable,Non applicable,3,7,5,2,0,7,1,1,1,1,1,1,0,1,0,0,0,1,2,0,0,0,1,1,0,0,0,0,1,102,2023-10-30 16:52:01.587
2023-10-09 09:52:47.343,2023-10-09 09:52:47.660,2023-10-09 15:10:32.047,2023-10-09 15:13:38.673,2023-10-10 11:55:52.103,2023-10-10 11:59:55.480,2023-10-10 13:15:44.150,100,102,104,102,102,102,102,1853,4731,1853,4731,4322,4322,4322,1853,4731,1853,4731,4322,4322,4322,Initial Request,Execution,Execution,Execution,Execution,Execution,Execution,Submit initial request,Non identifiable,Non identifiable,Task returned to team,Task returned to team,Task returned to team,Task returned to team,270,275,279,290,290,290,290,0,5,0,20,0,1,0,0,4,0,20,0,0,0,1,2,3,4,5,6,7,0,0,0,0,0,0,0,5,21,5,21,21,21,21,4,1,4,1,0,0,0,27,52,27,52,57,57,57,Non applicable,Non applicable,Non applicable,Non applicable,Non applicable,Non applicable,Non applicable,3,7,2,5,0,6,1,1,1,1,1,0,0,1,0,0,0,1,1,1,0,1,0,1,0,0,0,0,0,102,2023-10-10 13:57:29.100
2023-10-23 14:43:12.553,2023-10-23 14:43:12.927,2023-10-23 14:56:18.643,2023-10-23 15:52:04.280,2023-10-23 17:08:56.027,2023-10-24 08:01:57.097,2023-10-24 09:59:36.853,100,102,102,102,102,104,102,870,4960,10606,4322,4322,870,3959,870,4960,10606,4322,4322,870,3959,Initial Request,Execution,Execution,Execution,Execution,Execution,Execution,Submit initial request,Task returned to team,Task returned to team,Task returned to team,Non identifiable,Non identifiable,Task returned to team,270,290,290,290,275,279,290,0,0,0,1,14,1,0,0,0,0,1,0,1,0,1,2,3,4,5,6,7,0,0,0,0,0,0,0,5,21,11,21,21,5,21,2,0,1,0,0,2,1,44,46,49,57,57,44,55,Non applicable,Non applicable,Non applicable,Non applicable,Non applicable,Non applicable,Non applicable,3,5,3,4,0,6,1,1,1,1,1,0,0,1,0,0,0,1,2,0,0,0,1,1,0,0,0,0,0,102,2023-10-24 10:06:25.387
2023-10-30 17:38:50.747,2023-10-30 17:38:51.023,2023-10-30 22:06:49.727,2023-10-31 08:45:55.023,2023-11-02 08:04:12.707,2023-11-02 12:07:11.960,2023-11-02 12:08:56.090,100,102,102,102,104,102,104,7738,4322,4731,4322,7738,10606,7738,7738,4322,4731,4322,7738,10606,7738,Initial Request,Execution,Execution,Execution,Execution,Execution,Execution,Submit initial request,Task returned to team,Task returned to team,Non identifiable,Non identifiable,Non identifiable,Non identifiable,270,290,290,275,279,275,279,0,4,10,47,4,0,0,0,4,10,0,1,0,0,1,2,3,4,5,6,7,0,0,0,1,0,0,0,4,21,21,21,4,11,4,5,0,1,0,5,1,5,57,57,52,57,57,49,57,Non applicable,Non applicable,Non applicable,Non applicable,Non applicable,Non applicable,Non applicable,1,4,4,3,0,9,1,1,1,1,1,0,0,1,1,1,1,1,2,0,0,0,1,1,0,0,2,0,1,102,2023-11-02 12:14:43.220
2023-11-13 13:00:48.673,2023-11-13 13:00:49.230,2023-11-13 13:12:22.793,2023-11-13 14:02:49.880,2023-11-13 14:36:50.543,2023-11-13 16:28:23.287,2023-11-13 16:30:44.190,100,102,102,103,104,102,102,8670,10606,4322,10606,8670,10606,4731,8670,10606,4322,10606,8670,10606,4731,Initial Request,Execution,Execution,Execution,Execution,Execution,Execution,Submit initial request,Task returned to team,Non identifiable,Non identifiable,Non identifiable,Task returned to team,Task returned to team,270,290,273,300,279,290,290,0,0,0,0,1,0,0,0,0,0,0,1,0,0,1,2,3,4,5,6,7,0,0,0,0,0,0,0,4,11,21,11,4,11,21,3,1,0,1,3,1,1,58,49,57,49,58,49,52,Non applicable,Non applicable,Non applicable,Non applicable,Non applicable,Non applicable,Non applicable,0,5,5,2,0,7,1,1,1,1,1,1,0,1,0,0,0,1,2,1,0,1,0,1,0,0,0,0,0,102,2023-11-13 16:35:07.817
2023-11-20 15:20:46.150,2023-11-20 15:20:46.380,2023-11-20 15:31:25.773,2023-11-20 15:41:18.007,2023-11-20 16:15:22.747,2023-11-20 16:15:35.607,2023-11-20 16:15:51.890,100,102,102,102,102,102,102,Robot,8548,4960,8548,8548,8548,11193,Non identifiable,8548,4960,8548,8548,8548,11193,Initial Request,Execution,Execution,Execution,Execution,Execution,Execution,Submit initial request,Task returned to team,Task returned to team,Task returned to team,Task returned to team,Task returned to team,Task returned to team,270,290,290,290,290,290,290,0,0,0,0,0,0,0,0,0,0,0,0,0,0,1,2,3,4,5,6,7,0,0,0,0,0,0,0,0,32,21,32,32,32,32,0,1,0,1,1,1,1,0,58,46,58,58,58,49,Non applicable,Non applicable,Non applicable,Non applicable,Non applicable,Non applicable,Non applicable,3,2,5,2,0,6,1,1,1,1,1,0,0,1,0,0,0,1,2,0,0,0,0,1,0,1,0,0,0,102,2023-11-20 16:17:07.723
2023-11-27 16:25:21.173,2023-11-27 16:25:22.513,2023-11-27 16:33:12.860,2023-11-28 08:32:50.330,2023-11-28 08:49:12.413,2023-11-28 09:09:43.253,2023-11-28 09:18:32.547,100,102,101,101,102,102,101,10842,4731,10842,10842,8548,4731,10842,10842,4731,10842,10842,8548,4731,10842,Initial Request,Execution,Requester response to rejection,Requester response to rejection,Execution,Execution,Requester response to rejection,Submit initial request,Non identifiable,Task returned to team,Non identifiable,Task returned to team,Non identifiable,Non identifiable,270,271,290,272,290,271,272,0,0,15,0,0,0,0,0,0,0,0,0,0,0,1,2,3,4,5,6,7,0,0,0,0,0,0,0,5,21,5,5,32,21,5,3,1,3,3,1,1,3,51,52,51,51,58,52,51,Non applicable,300,Non applicable,Non applicable,Non applicable,300,Non applicable,1,6,5,2,2,9,1,1,1,1,1,0,0,1,1,1,1,2,1,0,0,0,2,1,2,0,0,0,0,102,2023-11-28 10:07:34.710
2023-11-30 10:21:24.440,2023-11-30 10:21:24.750,2023-11-30 10:28:08.430,2023-11-30 10:41:58.167,2023-11-30 10:49:47.640,2023-11-30 11:22:46.197,2023-11-30 11:33:40.303,100,102,102,103,104,107,102,10863,4731,4731,10606,10128,10863,8548,10863,4731,4731,10606,10128,10863,8548,Initial Request,Execution,Execution,Execution,Execution,Final task,Execution,Submit initial request,Task returned to team,Non identifiable,Non identifiable,Task executed with success,Non identifiable,Task returned to team,270,290,273,300,282,278,290,0,0,0,0,0,0,1,0,0,0,0,0,0,0,1,2,3,4,5,6,7,0,0,0,0,0,0,0,4,21,21,11,3,4,32,0,1,1,1,1,0,1,49,52,52,49,53,49,58,Non applicable,Non applicable,Non applicable,Non applicable,Non applicable,Non applicable,Non applicable,3,5,5,2,0,7,1,1,1,1,1,1,0,1,0,0,0,3,0,1,0,0,1,1,0,0,0,0,0,102,2023-11-30 13:31:16.130
2023-12-04 17:28:15.190,2023-12-04 17:28:15.487,2023-12-05 08:49:26.603,2023-12-05 09:14:14.067,2023-12-05 09:20:04.450,2023-12-05 09:32:26.297,2023-12-05 09:52:10.823,100,102,104,102,101,102,101,224,4960,224,4960,224,4960,224,224,4960,224,4960,224,4960,224,Initial Request,Execution,Execution,Execution,Requester response to rejection,Execution,Requester response to rejection,Submit initial request,Non identifiable,Non identifiable,Non identifiable,Non identifiable,Non identifiable,Non identifiable,270,275,279,271,272,271,272,0,15,0,0,0,0,7,0,15,0,0,0,0,7,1,2,3,4,5,6,7,0,0,0,0,0,0,0,6,21,6,21,6,21,6,4,0,4,0,4,0,4,47,46,47,46,47,46,47,Non applicable,Non applicable,Non applicable,183,Non applicable,183,Non applicable,0,7,4,3,2,6,1,1,1,1,1,0,0,1,0,0,0,2,0,1,1,0,1,0,0,0,0,0,0,102,2023-12-05 17:20:30.473
2023-12-05 10:28:41.283,2023-12-05 10:28:41.910,2023-12-05 10:47:46.823,2023-12-05 12:45:42.273,2023-12-05 17:00:56.070,2024-01-02 13:22:37.753,2024-01-02 13:29:45.077,100,102,103,104,104,102,101,652,8548,10606,652,652,3959,652,652,8548,10606,652,652,3959,652,Initial Request,Execution,Execution,Execution,Execution,Execution,Requester response to rejection,Submit initial request,Non identifiable,Non identifiable,Task returned to team,Non identifiable,Non identifiable,Non identifiable,270,273,300,290,279,271,272,0,0,1,4,668,0,3,0,0,1,2,668,0,1,1,2,3,4,5,6,7,0,0,0,0,27,0,0,4,32,11,4,4,21,4,6,1,1,6,6,1,6,45,58,49,45,45,55,45,Non applicable,Non applicable,Non applicable,Non applicable,Non applicable,183,Non applicable,0,6,6,1,1,7,1,1,1,1,1,1,0,1,0,0,0,1,1,0,1,2,1,0,0,0,0,0,0,102,2024-01-02 16:34:29.787
2023-12-06 14:45:29.960,2023-12-06 14:45:30.387,2023-12-06 14:56:29.310,2023-12-06 15:07:49.410,2023-12-06 15:26:55.883,2023-12-07 15:55:34.913,2023-12-08 13:55:07.620,100,102,102,102,102,102,102,10731,4731,8548,10606,4731,10606,4322,10731,4731,8548,10606,4731,10606,4322,Initial Request,Execution,Execution,Execution,Execution,Execution,Execution,Submit initial request,Task returned to team,Task returned to team,Task returned to team,Task returned to team,Task returned to team,Task returned to team,270,290,290,290,290,290,290,0,0,0,0,24,21,4,0,0,0,0,24,21,2,1,2,3,4,5,6,7,0,0,0,0,0,1,1,5,21,32,11,21,11,21,0,1,1,1,1,1,0,50,52,58,49,52,49,57,Non applicable,Non applicable,Non applicable,Non applicable,Non applicable,Non applicable,Non applicable,3,5,4,3,0,6,1,1,1,1,1,0,0,1,0,0,0,1,2,1,0,0,0,1,0,0,0,0,0,102,2023-12-08 18:27:45.733
2023-12-06 17:30:40.293,2023-12-06 17:30:40.640,2023-12-06 17:31:36.733,2023-12-06 22:57:46.010,2023-12-07 09:07:57.813,2023-12-07 09:22:44.120,2023-12-07 09:50:55.180,100,102,102,102,101,102,102,1934,8548,10606,4731,1934,8548,10606,1934,8548,10606,4731,1934,8548,10606,Initial Request,Execution,Execution,Execution,Requester response to rejection,Execution,Execution,Submit initial request,Task returned to team,Task returned to team,Non identifiable,Non identifiable,Task returned to team,Task returned to team,270,290,290,271,272,290,290,0,0,5,10,0,0,0,0,0,5,10,0,0,0,1,2,3,4,5,6,7,0,0,0,0,0,0,0,4,32,11,21,4,32,11,2,1,1,1,2,1,1,29,58,49,52,29,58,49,Non applicable,Non applicable,Non applicable,300,Non applicable,Non applicable,Non applicable,0,5,6,1,1,5,1,1,1,1,1,0,0,0,0,0,0,1,0,1,1,1,0,0,0,0,0,0,0,102,2023-12-07 10:08:32.980
2023-12-12 09:26:16.200,2023-12-12 09:26:16.513,2023-12-12 10:02:38.840,2023-12-12 10:27:39.940,2023-12-12 10:29:49.277,2023-12-12 10:33:23.050,2023-12-12 12:34:59.737,100,102,102,102,102,102,102,9973,8548,4731,4960,4731,4731,4731,9973,8548,4731,4960,4731,4731,4731,Initial Request,Execution,Execution,Execution,Execution,Execution,Execution,Submit initial request,Task returned to team,Task returned to team,Task returned to team,Task returned to team,Task returned to team,Task returned to team,270,290,290,290,290,290,290,0,0,0,0,0,2,0,0,0,0,0,0,2,0,1,2,3,4,5,6,7,0,0,0,0,0,0,0,5,32,21,21,21,21,21,4,1,1,0,1,1,1,51,58,52,46,52,52,52,Non applicable,Non applicable,Non applicable,Non applicable,Non applicable,Non applicable,Non applicable,1,5,2,5,0,9,1,1,1,1,1,0,0,1,1,1,1,0,2,1,0,1,0,1,2,0,0,0,1,102,2023-12-12 12:36:19.247
2023-12-12 09:58:20.237,2023-12-12 09:58:20.503,2023-12-12 10:27:01.333,2023-12-12 11:22:58.090,2023-12-14 18:57:44.487,2023-12-15 11:32:17.210,2023-12-15 11:33:25.507,100,102,102,102,104,107,102,10260,8548,4960,4322,10260,10260,6266,10260,8548,4960,4322,10260,10260,6266,Initial Request,Execution,Execution,Execution,Execution,Final task,Execution,Submit initial request,Task returned to team,Task returned to team,Non identifiable,Task executed with success,Non identifiable,Task returned to team,270,290,290,275,282,278,290,0,0,0,55,16,0,0,0,0,0,53,16,0,0,1,2,3,4,5,6,7,0,0,0,2,0,0,0,5,32,21,21,5,5,21,2,1,0,0,2,2,1,50,58,46,57,50,50,34,Non applicable,Non applicable,Non applicable,Non applicable,Non applicable,Non applicable,Non applicable,1,5,4,3,0,7,1,1,1,1,1,0,0,1,1,0,0,2,2,0,0,0,0,1,0,0,1,0,0,102,2023-12-15 11:38:33.930
2023-12-13 10:17:50.640,2023-12-13 10:17:50.977,2023-12-13 10:35:35.377,2023-12-13 11:27:09.913,2023-12-13 13:35:01.933,2023-12-13 14:14:59.950,2023-12-13 14:16:34.477,100,102,102,103,104,107,102,1537,8548,4731,10606,1537,1537,3959,1537,8548,4731,10606,1537,1537,3959,Initial Request,Execution,Execution,Execution,Execution,Final task,Execution,Submit initial request,Task returned to team,Non identifiable,Non identifiable,Task executed with success,Non identifiable,Task returned to team,270,290,273,300,282,278,290,0,0,0,2,0,0,0,0,0,0,2,0,0,0,1,2,3,4,5,6,7,0,0,0,0,0,0,0,5,32,21,11,5,5,21,5,1,1,1,5,5,1,34,58,52,49,34,34,55,Non applicable,Non applicable,Non applicable,Non applicable,Non applicable,Non applicable,Non applicable,3,6,5,2,0,7,1,1,1,1,1,1,0,1,0,0,0,0,2,1,0,0,2,1,0,0,0,0,0,102,2023-12-13 14:42:37.413
2023-12-15 14:35:52.677,2023-12-15 14:35:52.960,2023-12-15 14:42:58.730,2023-12-15 14:44:46.617,2023-12-15 14:51:06.697,2023-12-15 14:56:11.343,2023-12-15 14:57:15.607,100,102,102,102,102,102,102,165,6266,8548,4960,10606,4960,3959,165,6266,8548,4960,10606,4960,3959,Initial Request,Execution,Execution,Execution,Execution,Execution,Execution,Submit initial request,Task returned to team,Task returned to team,Task returned to team,Task returned to team,Task returned to team,Task returned to team,270,290,290,290,290,290,290,0,0,0,0,0,0,0,0,0,0,0,0,0,0,1,2,3,4,5,6,7,0,0,0,0,0,0,0,4,21,32,21,11,21,21,1,1,1,0,1,0,1,48,34,58,46,49,46,55,Non applicable,Non applicable,Non applicable,Non applicable,Non applicable,Non applicable,Non applicable,1,4,3,4,0,9,1,1,1,1,1,0,0,1,1,1,1,1,2,1,0,0,1,1,2,0,0,0,0,102,2023-12-15 15:04:51.597
2023-12-18 12:11:10.540,2023-12-18 12:11:10.780,2023-12-18 13:29:35.410,2023-12-18 13:34:43.503,2023-12-18 14:42:02.707,2023-12-18 14:43:55.430,2023-12-18 14:45:40.550,100,102,102,101,102,101,102,7941,8548,4960,7941,11193,7941,11193,7941,8548,4960,7941,11193,7941,11193,Initial Request,Execution,Execution,Requester response to rejection,Execution,Requester response to rejection,Execution,Submit initial request,Task returned to team,Non identifiable,Non identifiable,Non identifiable,Non identifiable,Non identifiable,270,290,271,272,271,272,301,0,1,0,1,0,0,0,0,0,0,1,0,0,0,1,2,3,4,5,6,7,0,0,0,0,0,0,0,5,32,21,5,32,5,32,1,1,0,1,1,1,1,58,58,46,58,49,58,49,Non applicable,Non applicable,300,Non applicable,183,Non applicable,Non applicable,1,3,6,1,2,6,1,1,1,1,1,0,0,1,0,0,0,2,1,1,0,0,0,1,0,0,0,0,0,102,2023-12-18 14:49:55.670
2023-12-18 13:50:26.987,2023-12-18 13:50:27.243,2023-12-18 15:34:02.097,2023-12-18 15:51:12.733,2023-12-19 13:27:04.593,2023-12-19 16:27:57.830,2023-12-19 16:38:34.830,100,105,106,105,101,105,101,9587,9083,4731,9083,9587,9083,9587,9587,9083,4731,9083,9587,9083,9587,Initial Request,Execution,Execution,Execution,Requester response to rejection,Execution,Requester response to rejection,Submit initial request,Non identifiable,Non identifiable,Non identifiable,Non identifiable,Non identifiable,Non identifiable,270,273,273,271,272,271,272,0,1,0,21,3,0,0,0,1,0,0,2,0,0,1,2,3,4,5,6,7,0,0,0,0,0,0,0,5,59,21,59,5,59,5,4,5,1,5,4,5,4,54,52,52,52,54,52,54,Non applicable,Non applicable,Non applicable,300,Non applicable,300,Non applicable,1,1,6,1,2,4,1,1,1,0,1,0,0,0,0,0,0,0,1,1,0,0,0,0,0,0,0,0,1,105,2023-12-19 16:50:29.167
2023-12-18 15:02:30.497,2023-12-18 15:02:30.797,2023-12-18 15:04:45.417,2023-12-18 15:22:52.597,2023-12-18 15:25:10.670,2023-12-18 15:32:03.693,2023-12-18 15:59:18.683,100,102,102,101,102,102,101,10899,3959,4960,10899,8548,4960,10899,10899,3959,4960,10899,8548,4960,10899,Initial Request,Execution,Execution,Requester response to rejection,Execution,Execution,Requester response to rejection,Submit initial request,Task returned to team,Non identifiable,Non identifiable,Task returned to team,Non identifiable,Non identifiable,270,290,271,272,290,271,272,0,0,0,0,0,0,1,0,0,0,0,0,0,0,1,2,3,4,5,6,7,0,0,0,0,0,0,0,5,21,21,5,32,21,5,2,1,0,2,1,0,2,50,55,46,50,58,46,50,Non applicable,Non applicable,300,Non applicable,Non applicable,183,Non applicable,3,3,4,3,2,6,1,1,1,1,1,0,0,1,0,0,0,1,1,1,0,1,0,1,0,0,0,0,0,102,2023-12-18 17:25:31.837
2023-12-19 15:11:28.240,2023-12-19 15:11:28.483,2023-12-19 15:21:33.563,2023-12-19 15:48:24.987,2023-12-19 16:04:07.913,2023-12-19 16:08:08.250,2023-12-19 16:09:35.310,100,102,102,101,102,102,102,9287,8548,4731,9287,8548,3959,3959,9287,8548,4731,9287,8548,3959,3959,Initial Request,Execution,Execution,Requester response to rejection,Execution,Execution,Execution,Submit initial request,Task returned to team,Non identifiable,Non identifiable,Task returned to team,Task returned to team,Task returned to team,270,290,271,272,290,290,290,0,0,0,0,0,0,0,0,0,0,0,0,0,0,1,2,3,4,5,6,7,0,0,0,0,0,0,0,6,32,21,6,32,21,21,2,1,1,2,1,1,1,59,58,52,59,58,55,55,Non applicable,Non applicable,331,Non applicable,Non applicable,Non applicable,Non applicable,1,3,4,3,1,9,1,1,1,1,1,0,0,1,1,1,1,4,0,0,0,0,1,1,2,0,0,0,0,102,2023-12-19 16:11:20.980
2023-12-22 16:27:00.473,2023-12-22 16:27:02.770,2023-12-22 16:29:11.430,2023-12-22 16:35:47.140,2023-12-22 16:55:24.123,2023-12-22 17:35:54.040,2023-12-24 11:04:50.877,100,102,102,102,102,102,102,10630,8548,4731,3959,10606,4322,4731,10630,8548,4731,3959,10606,4322,4731,Initial Request,Execution,Execution,Execution,Execution,Execution,Execution,Submit initial request,Task returned to team,Task returned to team,Task returned to team,Task returned to team,Task returned to team,Task returned to team,270,290,290,290,290,290,290,0,0,0,0,0,41,45,0,0,0,0,0,41,45,1,2,3,4,5,6,7,0,0,0,0,0,0,0,5,32,21,21,11,21,21,3,1,1,1,1,0,1,51,58,52,55,49,57,52,Non applicable,Non applicable,Non applicable,Non applicable,Non applicable,Non applicable,Non applicable,3,5,3,4,0,6,1,1,1,1,1,0,0,1,0,0,0,2,2,0,0,0,0,1,0,0,0,0,0,102,2023-12-26 08:42:32.397
2024-01-02 08:48:06.993,2024-01-02 08:48:07.227,2024-01-02 08:58:11.503,2024-01-02 09:48:43.720,2024-01-02 09:49:34.743,2024-01-02 10:47:59.430,2024-01-03 08:45:54.100,100,102,104,102,102,104,102,784,4731,784,3959,4731,784,8548,784,4731,784,3959,4731,784,8548,Initial Request,Execution,Execution,Execution,Execution,Execution,Execution,Submit initial request,Non identifiable,Non identifiable,Task returned to team,Non identifiable,Non identifiable,Task returned to team,270,275,279,290,275,279,290,0,0,0,0,0,21,0,0,0,0,0,0,21,0,1,2,3,4,5,6,7,0,0,0,0,0,0,0,6,21,6,21,21,6,32,10,1,10,1,1,10,1,43,52,43,55,52,43,58,Non applicable,Non applicable,Non applicable,Non applicable,Non applicable,Non applicable,Non applicable,3,3,4,3,0,6,1,1,1,1,1,0,0,1,0,0,0,2,1,0,0,0,1,1,0,0,0,0,0,102,2024-01-03 08:52:00.130
2024-01-08 16:29:18.110,2024-01-08 16:29:18.350,2024-01-08 16:33:51.170,2024-01-08 16:35:01.547,2024-01-09 11:23:07.340,2024-01-09 12:51:50.310,2024-01-13 18:11:02.913,100,102,102,102,102,102,102,358,11193,3959,4960,4731,4322,4322,358,11193,3959,4960,4731,4322,4322,Initial Request,Execution,Execution,Execution,Execution,Execution,Execution,Submit initial request,Task returned to team,Task returned to team,Task returned to team,Task returned to team,Task returned to team,Non identifiable,270,290,290,290,290,290,301,0,0,0,18,1,101,37,0,0,0,18,1,100,0,1,2,3,4,5,6,7,0,0,0,0,0,4,5,5,32,21,21,21,21,21,10,1,1,0,1,0,0,48,49,55,46,52,57,57,Non applicable,Non applicable,Non applicable,Non applicable,Non applicable,Non applicable,Non applicable,1,6,2,5,0,6,1,1,1,1,1,0,0,1,0,0,0,2,2,0,0,0,0,1,0,0,0,0,0,102,2024-01-15 08:09:24.980
2024-01-10 09:59:02.407,2024-01-10 09:59:02.907,2024-01-10 10:00:46.690,2024-01-10 13:12:11.547,2024-01-10 14:24:25.143,2024-01-10 16:56:22.010,2024-01-13 11:06:44.037,100,102,102,102,102,102,102,1671,8548,4960,4731,10606,4322,4322,1671,8548,4960,4731,10606,4322,4322,Initial Request,Execution,Execution,Execution,Execution,Execution,Execution,Submit initial request,Task returned to team,Task returned to team,Task returned to team,Task returned to team,Task returned to team,Task returned to team,270,290,290,290,290,290,290,0,0,3,1,2,66,45,0,0,3,1,2,66,0,1,2,3,4,5,6,7,0,0,0,0,0,2,4,4,32,21,21,11,21,21,1,1,0,1,1,0,0,29,58,46,52,49,57,57,Non applicable,Non applicable,Non applicable,Non applicable,Non applicable,Non applicable,Non applicable,3,5,3,4,0,6,1,1,1,1,1,0,0,1,0,0,0,1,2,0,0,0,0,1,0,1,0,0,0,102,2024-01-15 08:37:59.720
2024-01-11 16:13:56.410,2024-01-11 16:13:56.737,2024-01-11 16:28:55.703,2024-01-11 16:35:09.200,2024-01-11 21:34:39.540,2024-01-12 09:06:09.890,2024-01-13 10:52:34.343,100,102,102,102,102,102,102,9983,8548,4731,10606,3959,4322,4322,9983,8548,4731,10606,3959,4322,4322,Initial Request,Execution,Execution,Execution,Execution,Execution,Execution,Submit initial request,Task returned to team,Task returned to team,Task returned to team,Task returned to team,Task returned to team,Task returned to team,270,290,290,290,290,290,290,0,0,0,4,11,25,45,0,0,0,4,11,25,0,1,2,3,4,5,6,7,0,0,0,0,0,0,2,4,32,21,11,21,21,21,1,1,1,1,1,0,0,51,58,52,49,55,57,57,Non applicable,Non applicable,Non applicable,Non applicable,Non applicable,Non applicable,Non applicable,1,6,3,4,0,6,1,1,1,1,1,0,0,1,0,0,0,1,2,1,0,0,0,1,0,0,0,0,0,102,2024-01-15 08:34:59.247
2024-01-11 16:24:13.993,2024-01-11 16:24:15.090,2024-01-11 16:38:22.287,2024-01-11 21:35:02.083,2024-01-12 08:42:21.157,2024-01-12 09:03:39.070,2024-01-14 17:25:21.420,100,102,102,102,102,102,102,8641,4731,10606,4731,3959,4322,4322,8641,4731,10606,4731,3959,4322,4322,Initial Request,Execution,Execution,Execution,Execution,Execution,Execution,Submit initial request,Task returned to team,Task returned to team,Task returned to team,Task returned to team,Task returned to team,Task returned to team,270,290,290,290,290,290,290,0,0,4,11,0,56,15,0,0,4,11,0,56,0,1,2,3,4,5,6,7,0,0,0,0,0,2,2,5,21,11,21,21,21,21,2,1,1,1,1,0,0,59,52,49,52,55,57,57,Non applicable,Non applicable,Non applicable,Non applicable,Non applicable,Non applicable,Non applicable,1,6,2,5,0,9,1,1,1,1,1,0,0,1,1,1,1,1,2,1,0,0,1,1,2,0,0,0,0,102,2024-01-15 08:37:13.520
2024-01-11 16:51:42.447,2024-01-11 16:51:42.697,2024-01-11 17:04:47.410,2024-01-11 22:00:01.550,2024-01-12 08:41:34.497,2024-01-12 08:49:47.610,2024-01-12 11:39:11.763,100,102,102,102,102,104,102,1251,8548,10606,4731,4960,1251,8548,1251,8548,10606,4731,4960,1251,8548,Initial Request,Execution,Execution,Execution,Execution,Execution,Execution,Submit initial request,Task returned to team,Task returned to team,Task returned to team,Non identifiable,Non identifiable,Task returned to team,270,290,290,290,275,279,290,0,0,4,10,0,2,0,0,0,4,10,0,2,0,1,2,3,4,5,6,7,0,0,0,0,0,0,0,6,32,11,21,21,6,32,3,1,1,1,0,3,1,40,58,49,52,46,40,58,Non applicable,Non applicable,Non applicable,Non applicable,Non applicable,Non applicable,Non applicable,1,5,5,2,0,6,1,1,1,1,1,0,0,1,0,0,0,1,2,0,0,0,1,1,0,0,0,0,0,102,2024-01-12 12:04:34.137
2024-01-11 16:51:55.857,2024-01-11 16:51:56.620,2024-01-11 17:03:48.077,2024-01-11 17:27:25.277,2024-01-11 17:41:50.207,2024-01-12 09:22:54.940,2024-01-12 09:46:57.577,100,102,101,102,101,102,102,9911,3959,9911,3959,9911,3959,10606,9911,3959,9911,3959,9911,3959,10606,Initial Request,Execution,Requester response to rejection,Execution,Requester response to rejection,Execution,Execution,Submit initial request,Non identifiable,Non identifiable,Non identifiable,Non identifiable,Task returned to team,Task returned to team,270,271,272,271,272,290,290,0,0,0,0,15,0,0,0,0,0,0,15,0,0,1,2,3,4,5,6,7,0,0,0,0,0,0,0,5,21,5,21,5,21,11,2,1,2,1,2,1,1,46,55,46,55,46,55,49,Non applicable,183,Non applicable,183,Non applicable,Non applicable,Non applicable,0,7,4,3,2,4,1,1,1,0,1,0,0,0,0,0,0,1,0,0,0,1,0,0,0,1,0,0,0,102,2024-01-12 10:07:33.920
2024-01-12 09:05:42.257,2024-01-12 09:05:42.473,2024-01-12 09:07:11.210,2024-01-12 09:19:09.530,2024-01-12 14:05:40.577,2024-01-15 10:00:16.537,2024-01-15 10:01:18.020,100,102,102,102,102,102,102,10366,3959,4731,8548,8548,8548,8548,10366,3959,4731,8548,8548,8548,8548,Initial Request,Execution,Execution,Execution,Execution,Execution,Execution,Submit initial request,Task returned to team,Task returned to team,Task returned to team,Task returned to team,Task returned to team,Task returned to team,270,290,290,290,290,290,290,0,0,0,4,67,0,6,0,0,0,4,3,0,6,1,2,3,4,5,6,7,0,0,0,0,2,2,3,4,21,21,32,32,32,32,0,1,1,1,1,1,1,51,55,52,58,58,58,58,Non applicable,Non applicable,Non applicable,Non applicable,Non applicable,Non applicable,Non applicable,1,2,5,2,0,9,1,1,1,1,1,0,0,1,1,1,1,3,1,0,0,0,1,1,2,0,0,0,0,102,2024-01-15 16:39:44.980
2024-01-12 10:32:06.853,2024-01-12 10:32:07.390,2024-01-12 10:35:51.880,2024-01-12 11:18:46.890,2024-01-12 11:39:54.890,2024-01-12 12:41:50.713,2024-01-14 12:16:08.613,100,102,102,102,102,102,102,1234,4731,10606,4731,4731,4322,4322,1234,4731,10606,4731,4731,4322,4322,Initial Request,Execution,Execution,Execution,Execution,Execution,Execution,Submit initial request,Task returned to team,Task returned to team,Task returned to team,Task returned to team,Task returned to team,Task returned to team,270,290,290,290,290,290,290,0,0,0,0,1,47,20,0,0,0,0,1,47,0,1,2,3,4,5,6,7,0,0,0,0,0,0,0,5,21,11,21,21,21,21,1,1,1,1,1,0,0,37,52,49,52,52,57,57,Non applicable,Non applicable,Non applicable,Non applicable,Non applicable,Non applicable,Non applicable,3,7,2,5,0,6,1,1,1,1,1,0,0,1,0,0,0,1,2,0,0,0,1,1,0,0,0,0,0,102,2024-01-15 08:34:27.450
2024-01-15 11:14:26.430,2024-01-15 11:14:26.797,2024-01-15 12:32:07.767,2024-01-15 12:34:52.860,2024-01-15 13:05:34.867,2024-01-15 14:23:40.163,2024-01-15 16:26:52.977,100,102,101,102,102,101,102,2241,4731,2241,4960,4731,2241,8548,2241,4731,2241,4960,4731,2241,8548,Initial Request,Execution,Requester response to rejection,Execution,Execution,Requester response to rejection,Execution,Submit initial request,Non identifiable,Non identifiable,Task returned to team,Non identifiable,Non identifiable,Task returned to team,270,271,272,290,271,272,290,0,1,0,0,1,2,0,0,1,0,0,0,2,0,1,2,3,4,5,6,7,0,0,0,0,0,0,0,4,21,4,21,21,4,32,1,1,1,0,1,1,1,26,52,26,46,52,26,58,Non applicable,300,Non applicable,Non applicable,300,Non applicable,Non applicable,3,3,4,3,2,6,1,1,1,1,1,0,0,1,0,0,0,3,0,1,0,0,0,1,0,0,0,0,0,102,2024-01-15 16:37:42.363
2024-01-24 14:10:07.903,2024-01-24 14:10:08.300,2024-01-24 14:27:23.320,2024-01-24 14:41:03.773,2024-01-24 14:42:59.313,2024-01-24 14:44:36.297,2024-01-24 14:47:37.350,100,102,102,101,101,102,102,8281,8548,4960,8281,8281,8548,6266,8281,8548,4960,8281,8281,8548,6266,Initial Request,Execution,Execution,Requester response to rejection,Requester response to rejection,Execution,Execution,Submit initial request,Task returned to team,Non identifiable,Task returned to team,Non identifiable,Task returned to team,Task returned to team,270,290,271,290,272,290,290,0,0,0,0,0,0,0,0,0,0,0,0,0,0,1,2,3,4,5,6,7,0,0,0,0,0,0,0,5,32,21,5,5,32,21,1,1,0,1,1,1,1,58,58,46,58,58,58,34,Non applicable,Non applicable,183,Non applicable,Non applicable,Non applicable,Non applicable,1,1,5,2,1,9,1,1,1,1,1,0,0,1,1,1,1,2,1,0,0,0,1,1,0,0,2,0,1,102,2024-01-24 14:48:21.443
2024-01-25 13:01:08.520,2024-01-25 13:01:09.470,2024-01-25 13:16:03.160,2024-01-25 13:50:12.690,2024-01-25 14:01:42.283,2024-01-25 14:13:10.190,2024-01-25 15:13:32.620,100,102,102,102,102,102,102,10589,3959,4960,6266,10606,4960,4960,10589,3959,4960,6266,10606,4960,4960,Initial Request,Execution,Execution,Execution,Execution,Execution,Execution,Submit initial request,Task returned to team,Task returned to team,Task returned to team,Task returned to team,Task returned to team,Task returned to team,270,290,290,290,290,290,290,0,0,0,0,0,1,1,0,0,0,0,0,0,1,1,2,3,4,5,6,7,0,0,0,0,0,0,0,5,21,21,21,11,21,21,0,1,0,1,1,0,0,48,55,46,34,49,46,46,Non applicable,Non applicable,Non applicable,Non applicable,Non applicable,Non applicable,Non applicable,3,6,2,5,0,6,1,1,1,1,1,0,0,1,0,0,0,2,2,0,0,0,0,1,0,0,0,0,0,102,2024-01-25 16:18:31.143
2024-01-31 10:04:11.507,2024-01-31 10:04:12.030,2024-01-31 11:10:07.220,2024-01-31 11:34:24.800,2024-02-02 17:24:30.700,2024-02-02 17:25:13.893,2024-02-02 17:28:08.080,100,102,103,104,102,102,102,9393,4731,10606,9393,6266,3959,4322,9393,4731,10606,9393,6266,3959,4322,Initial Request,Execution,Execution,Execution,Execution,Execution,Execution,Submit initial request,Non identifiable,Non identifiable,Non identifiable,Task returned to team,Task returned to team,Task returned to team,270,273,300,279,290,290,290,0,1,0,53,0,0,42,0,0,0,53,0,0,42,1,2,3,4,5,6,7,0,0,0,1,0,0,0,5,21,11,5,21,21,21,6,1,1,6,1,1,0,59,52,49,59,34,55,57,Non applicable,Non applicable,Non applicable,Non applicable,Non applicable,Non applicable,Non applicable,3,4,3,4,0,7,1,1,1,1,1,1,0,1,0,0,0,2,1,1,0,0,1,1,0,0,0,0,0,102,2024-02-04 11:57:29.523
2024-02-01 09:37:07.737,2024-02-01 09:37:08.220,2024-02-01 09:43:18.307,2024-02-01 09:48:40.217,2024-02-01 09:53:19.517,2024-02-01 09:56:29.270,2024-02-01 10:00:15.590,100,102,102,102,101,102,102,10823,8548,3959,4731,10823,6266,3959,10823,8548,3959,4731,10823,6266,3959,Initial Request,Execution,Execution,Execution,Requester response to rejection,Execution,Execution,Submit initial request,Task returned to team,Task returned to team,Non identifiable,Non identifiable,Task returned to team,Task returned to team,270,290,290,271,272,290,290,0,0,0,0,0,0,0,0,0,0,0,0,0,0,1,2,3,4,5,6,7,0,0,0,0,0,0,0,4,32,21,21,4,21,21,5,1,1,1,5,1,1,49,58,55,52,49,34,55,Non applicable,Non applicable,Non applicable,300,Non applicable,Non applicable,Non applicable,3,5,3,4,1,6,1,1,1,1,1,0,0,1,0,0,0,1,1,0,0,1,1,1,0,0,0,0,0,102,2024-02-01 10:19:32.050
2024-02-08 08:50:58.553,2024-02-08 08:50:58.780,2024-02-08 08:57:11.050,2024-02-08 08:58:56.990,2024-02-08 11:01:32.947,2024-02-08 11:08:45.037,2024-02-08 11:20:15.973,100,102,102,102,102,104,102,10121,8548,6266,3959,4960,10121,6266,10121,8548,6266,3959,4960,10121,6266,Initial Request,Execution,Execution,Execution,Execution,Execution,Execution,Submit initial request,Task returned to team,Task returned to team,Task returned to team,Non identifiable,Non identifiable,Task returned to team,270,290,290,290,275,279,290,0,0,0,2,0,0,0,0,0,0,0,0,0,0,1,2,3,4,5,6,7,0,0,0,0,0,0,0,6,32,21,21,21,6,21,3,1,1,1,0,3,1,53,58,34,55,46,53,34,Non applicable,Non applicable,Non applicable,Non applicable,Non applicable,Non applicable,Non applicable,3,2,3,4,0,6,1,1,1,1,1,0,0,1,0,0,0,2,1,0,0,0,1,1,0,0,0,0,0,102,2024-02-08 11:21:05.603
2024-02-20 11:28:00.817,2024-02-20 11:28:01.090,2024-02-20 11:29:44.883,2024-02-20 11:39:26.420,2024-02-20 11:50:55.730,2024-02-20 13:19:30.527,2024-02-20 13:25:45.897,100,102,102,102,101,102,102,394,6266,11193,4731,394,10606,6266,394,6266,11193,4731,394,10606,6266,Initial Request,Execution,Execution,Execution,Requester response to rejection,Execution,Execution,Submit initial request,Task returned to team,Task returned to team,Non identifiable,Non identifiable,Task returned to team,Task returned to team,270,290,290,271,272,290,290,0,0,0,0,1,0,0,0,0,0,0,1,0,0,1,2,3,4,5,6,7,0,0,0,0,0,0,0,5,21,32,21,5,11,21,2,1,1,1,2,1,1,44,34,49,52,44,49,34,Non applicable,Non applicable,Non applicable,300,Non applicable,Non applicable,Non applicable,3,5,4,3,1,6,1,1,1,1,1,0,0,1,0,0,0,2,1,0,0,1,0,1,0,0,0,0,0,102,2024-02-20 13:52:09.710
2024-02-23 09:01:48.383,2024-02-23 09:01:48.760,2024-02-23 10:56:32.487,2024-02-23 11:05:43.647,2024-02-23 17:01:37.467,2024-02-24 14:29:52.660,2024-02-26 08:14:58.757,100,102,102,102,102,102,102,2424,4731,4960,6266,4322,4322,10606,2424,4731,4960,6266,4322,4322,10606,Initial Request,Execution,Execution,Execution,Execution,Execution,Execution,Submit initial request,Task returned to team,Task returned to team,Task returned to team,Task returned to team,Task returned to team,Task returned to team,270,290,290,290,290,290,290,0,1,0,5,21,41,6,0,1,0,5,20,0,6,1,2,3,4,5,6,7,0,0,0,0,0,2,2,22,21,21,21,21,21,11,0,1,0,1,0,0,1,31,52,46,34,57,57,49,Non applicable,Non applicable,Non applicable,Non applicable,Non applicable,Non applicable,Non applicable,3,6,2,5,0,6,1,1,1,1,1,0,0,1,0,0,0,1,2,1,0,0,0,1,0,0,0,0,0,102,2024-02-26 14:48:40.080
2024-03-20 10:07:24.040,2024-03-20 10:07:24.560,2024-03-20 10:27:56.707,2024-03-20 10:30:07.893,2024-03-20 10:35:05.390,2024-03-20 10:42:08.513,2024-03-20 10:49:10.830,100,102,101,102,102,101,102,9296,4960,9296,4731,4960,9296,8548,9296,4960,9296,4731,4960,9296,8548,Initial Request,Execution,Requester response to rejection,Execution,Execution,Requester response to rejection,Execution,Submit initial request,Non identifiable,Non identifiable,Task returned to team,Non identifiable,Non identifiable,Task returned to team,270,271,272,290,271,272,290,0,0,0,0,0,0,0,0,0,0,0,0,0,0,1,2,3,4,5,6,7,0,0,0,0,0,0,0,5,21,5,21,21,5,32,3,0,3,1,0,3,1,50,46,50,52,46,50,58,Non applicable,183,Non applicable,Non applicable,300,Non applicable,Non applicable,0,6,4,3,2,5,1,1,1,1,1,0,0,0,0,0,0,2,0,1,1,0,0,0,0,0,0,0,0,102,2024-03-20 11:01:23.810
